,query,predicate,flag
0,(T18 | T19 | T19 | T3 & T5 & T2 & T10),T3.M42,1
1,T12 & T17 & T7 | T3 & T16,T16.M163,1
2,T2 & (T1 | T4 | T9 & T0 | T1 & T3) & (T1 | T2 | T12),T3.M42,1
3,T8 | T15 & T19 | T12 & T13,T12.M117,1
4,T7 | T12 & T13 | T1 & T4,T12.M117,1
5,(T11 | T0 & T3 | T10 | T12) & T19,T10.M96,1
6,((T11 | T11 & T19 & T12 & T13) & T4),T13.M118,1
7,(T11 | T9 | T10 & T7 | T4 | T6 & T2 | T15),T7.M53|T10.M94,1
8,(T15 | T9 | T7) | (T7 & T1) & T4,T1.M2,1
9,(T13 & T1 & T6 | T10) | T0 | T2 | (T19 & (T12 & T9)),T1.M2,1
10,((T4 & T12) & T18 & T12) & T1 & T1 | T13 | T0 & T15 & T14,T15.M131,1
11,T11 | T17 & T14 | T16,T16.M163,1
12,(T12 | T5) & T15 | T7 | T17 | T18 | T3 | T14 & T17 | T4 & T16,T15.M131,1
13,(T11 & T17 & (T17 | T10) & T13 & T18 & T8 | T13 | T13),T10.M80,1
14,T3 | (T6 & T12) | (T13 & T8),T6.M57|T12.M117,1
15,T19 | T6 | T6 & T18 & T5 & T7,T7.M66,1
16,T4 | T15 | T5 | T9,T15.M143,1
17,T10 | (T17 & T8) | T9 | T6,T8.M58,1
18,T4 | (T4 | T19) | (T13 | T19),T19.M185,1
19,(T15 & (T7 | T14)) & T0,T15.M131,1
20,(T6 | T7 & T15 & T10 | T2 | (T2 | T12) & T13) & (T6 | T7) | T9 | T19,T10.M85,1
21,T16 & T18 | (T19 | T4 & T5) & T15 & T18,T5.M42,1
22,(T14 & T3) & T7 | T10 & T9 & T11,T9.M80,1
23,(T9 & T8) | T0 | T15 | T11 | T5 & T17,T5.M46,1
24,T10 & ((T8 & T14 | T7) & T8 & T6) & T13,T7.M66,1
25,(T19 & (T6 & T17) | (T17 | T9) | T18 & T5 & T10 | T8),T17.M150,1
26,T17 & T2 | (T13 | T16) | T11 | T4 & (T5 & T10),T10.M96,1
27,(T4 | T14 | T13 | T13 & T6),T13.M101,1
28,T1 | T10 | T18 | T1 | T7 | T6,T7.M53,1
29,((T2 | T14) | (T15 & T17 & T18) | T8 & T12 & T16 | T4 & (T4 | T17) & T5),T5.M42|T15.M142,1
30,(T12 | T16) | T10 | T13 | T7 | T13,T12.M123,1
31,(T19 & T4 | T8) | T13 & T1 & T16 | T13 & (T5 & (T14 & T10)),T5.M42,1
32,T4 | T1 | T0 & T3 | T4 | T15,T3.M42,1
33,T15 & T10 | T3 | T12,T15.M131,1
34,(T13 | T15 & T13) | T15 & T14 | (T5 | (T3 | T8)),T5.M41,1
35,(T1 | T3 | ((T7 & T10 & T16) | (T11 | T7) | T7)),T1.M2|T10.M99,1
36,T9 | T17 | T12 | T17 & T4,T17.M157,1
37,((T19 & (T19 | T10 & T17)) | T14) & T11 & T6 | T19,T10.M80,1
38,((T3 | T11 & T10) | T5 & T4 | T9) | T4 & T12,T9.M80|T10.M77,1
39,(T4 | ((T5 & T9 & T14) & (T19 & T5))),T5.M37,1
40,T17 | T3 | T4 | T12 | T16 & T1 & (T13 & T5),T17.M154,1
41,(T17 & T8) & (((T18 | T5 | T19) | (T8 | T15)) & (T4 | T14 | (T5 | T5))),T5.M42|T15.M131,1
42,T17 | T0 | T2 | T13,T2.M14,1
43,(T11 & T10) | (T17 | T11 & T11 | T3),T11.M81,1
44,((T9 & T0) | T14 & T10 | T18 & T3),T10.M82,1
45,((T14 | T5) | T19 | T15) | T7 | T13,T5.M42|T15.M131,1
46,T15 & T16 | T16 & T12 & T19 & T14 | T17,T15.M131,1
47,T17 | T13 | T12 & (T1 & T11 | T9 | T0),T12.M117,1
48,(T11 & (T10 & T18)) | T9 | T8 & T16 | (T1 | T10 | (T19 & T9) & T1),T1.M15,1
49,((T14 | T6) & (T3 & T4) | T9) & T19 | ((T7 | T5) & T1) & T6,T5.M42|T3.M42,1
50,(T11 | T14 & T19 | (T12 & T9) | T15 | T3),T9.M80,1
51,(T16 & T2 | T9 | T8 & T8) | (T8 | T15 & T2),T2.M14|T15.M131,1
52,(T14 | T14 | T9 & T19 & T4 & T5 & ((T4 | T13) | T11) & T12),T5.M42,1
53,T6 & T18 | T4 | (T17 | T3 | T0) & T8 & T18,T3.M42,1
54,(T9 | T8 | T6 | (T6 | T1)),T8.M51,1
55,T3 & T2 | T18 & (T4 | T13 | T14) | T12 & T19 & T5 & (T17 | T12),T5.M42|T3.M42,1
56,(T15 | T1 & T0 & T14) | T6 | T18,T15.M131,1
57,(T15 | T19) & T5 | (T3 | T13),T5.M32,1
58,T0 & (T9 & T6) & (T18 | T7) | T6,T7.M66,1
59,T11 & T12 & T14 | T13,T12.M117,1
60,(T8 & T12 & T18) & T18 | T13 | T17 | T3 | T13 & (T11 | (T6 | T12 | T11)),T17.M155,1
61,(T4 | T8 | T5) | (((T3 & T17) | T14) & T14 | T9) & T0,T3.M42|T5.M42,1
62,T18 | T8 | T10 | T11,T11.M81,1
63,T15 | T19 | T9 & T15 | T1 & T16 | T17 | T3,T9.M84,1
64,(T8 | (T18 | T2) & (T16 | T15) | T11) & T18 & T5 | T2 & T14 | (T8 & T6) | T15,T15.M129|T14.M129,1
65,(T1 | T9) | T4 | T11 | T1,T9.M91,1
66,((T6 | T16) | T8 | T15 | T2),T2.M14,1
67,(T19 | T10 | T6) | (T7 | T5),T7.M67,1
68,(((T12 | T18) & T5) | T5 | T1) | T5,T12.M101,1
69,(T17 | T11 & T8 & T9 | T19 & T1 | T4 | T19),T9.M80,1
70,T11 | T11 | T12 | T18 | (T9 & T7) | T1,T1.M2,1
71,T8 & T1 & T9 | T12 & T19 | (T11 | (T9 | T9 | T17) | T8),T11.M89,1
72,((T0 | T7) | T18 | T1 & T1 & T9),T1.M2,1
73,T5 & T19 & T9 | T7 & T11 | T4,T5.M37|T9.M80,1
74,T2 | T8 | T17 & T6,T6.M57,1
75,T19 | T16 | T16 & T17 & (T1 | T15 | T14 & T8 & T6),T15.M131,1
76,T7 | (T27 | T29 | (T1 | T26)),T27.M139,1
77,T28 | T15 & T17 | T9 | T5 & (T16 | T11) & ((T28 | T10) & T3),T16.M76|T17.M76,1
78,(T21 & T16) | (T20 | T13 & T17 & T36) | T17,T16.M96|T21.M110,1
79,(T31 | T13 & T20 | T9 | T12) & T5 & T23 & T22 | T13 | T27,T12.M57|T23.M110|T22.M110,1
80,((T15 | (T31 & T19)) | T12 & T1 | T3 | T19),T1.M19,1
81,T0 & T14 | T25 & T19 & T37 | T16 & T30 | T38 | T1 | T13,T0.M12|T25.M132,1
82,(T20 | T16 & (T39 | T34) & (T37 | T3 & (T27 | T21))),T21.M110,1
83,T33 | T7 & T14 & (T1 | T9) & T3,T9.M31,1
84,(T35 & T34 & T29 | T17) | T30 & T7 | T26,T29.M142,1
85,T5 & T36 | (T28 | T20) | T2 & T18 | ((T34 | T3) | T29 | T15 | T5 & T33),T3.M15|T18.M78|T29.M135,1
86,T31 | T6 | (T30 & T39) & T18 | T7,T30.M151,1
87,(T39 | T23 | (T39 | T3)) | (T10 & T1) | T36,T3.M15,1
88,T21 | T20 & T12 | T20 | T1 & T35 | T22 | T37,T22.M110|T35.M180,1
89,T0 | T14 & T33 & T32,T33.M152,1
90,T11 | T3 | T17,T3.M9,1
91,((T2 | T24 | (T17 | T14)) & T10) | T33 | (T10 & T39) | T39 & (T10 & T29) & T15,T17.M78,1
92,((T5 | T16) & T39 & T18 & T8 | T25 | T10 | T13),T8.M38|T16.M88,1
93,T39 | T37 & T31 | T5 & T18 | T7 & T26 | T29,T5.M31,1
94,T4 & (T37 | T32 & T4) | T24 | (T16 | (T12 & T1)),T4.M20,1
95,(T15 | T1 | T32 & T13 & T33),T33.M152,1
96,T18 | T6 | T8 | (T6 | T32 & T0),T0.M12|T8.M38,1
97,T22 & T8 & T21 & T29 & T4 & T34 | ((T4 | T34) | T22),T21.M102,1
98,(T31 & T24 | T9 & T19 & T15 | T34 | T5),T31.M167,1
99,((T25 | (T16 & T2 | T11)) | ((T16 & T26) & (T33 | T0 & T32))),T33.M152,1
100,((T36 | T37 | T26 | T15) & ((T17 | T13) & T22 | T16)),T16.M88,1
101,(T3 & ((T16 | T1) & T16 | T36)),T1.M0,1
102,(T4 & T19) | T13 | (T35 | T12 & T20 & T20 & T29 & T12),T13.M59|T12.M59,1
103,T7 | T18 | T16,T18.M86,1
104,(T14 & T21 | T37 | T37 & T11) | T39 & T15,T11.M69,1
105,T33 | T21 | T30 | T32,T30.M165,1
106,T17 | ((T22 | T16) & T24 | T33),T16.M92,1
107,T21 & T11 | T7 & T10,T10.M66,1
108,T22 | T29 | T32 | T34 | T28 & T0,T34.M156,1
109,(T23 | T8 & T10 | (T27 | T25) | T28 & T17) | T26 | T22 & T21 | T37 | T36 | T35,T23.M102|T21.M102,1
110,(T36 | T11 | T29 | T39 | T12),T12.M57,1
111,T36 | T6 & T3 | T14 | (T27 | T14 & T29),T29.M135|T27.M136,1
112,(T31 | T23) | T25 | T21 & T37 & T12 & T36 | T22,T21.M102,1
113,T30 & T1 | T16 | (T12 | T4) & T15,T4.M20,1
114,T34 & T15 | T18 | (T6 | (T8 | T23)) & T0 & (T26 & T2),T6.M37,1
115,((T18 | T4) | T17 | T14 | T0 & T32 | T5),T0.M12|T18.M94|T32.M161,1
116,T17 | (T12 & T2) | ((T27 & T15) & T39) | T33,T17.M78,1
117,((T17 | T16) | T39 | T16) & (T29 & (T11 | T14)) & T29 | T29,T11.M69,1
118,T3 | (T4 & T6 | (T21 | T32)),T3.M15,1
119,T17 | T4 | T5 | T17 & T26 & T16 & T16 | T16,T4.M12,1
120,(T20 | T37) & T10 & T29 & T11 & T30 & T5 | T2 & T6,T11.M51,1
121,T30 & T39 & T26 | T36 & T6 | (T8 & T38),T36.M195,1
122,(T19 | T18) & T29 | T27 & T33 | (T11 & T8),T27.M139,1
123,(T4 | T36 | T19) | (T12 & T19 | T28) & T13 | T30,T12.M57,1
124,((T8 | T16) & ((T17 & T9) | T3)) | (T22 | T25) | T0,T0.M12,1
125,(T15 | T24 | T23 | T16 & T7) | T21,T15.M86,1
126,(T17 | T29) | T3 | T21 & T29,T3.M9,1
127,T3 | T6 | T5,T3.M9,1
128,((T37 & T38 & T31 & T27) | T13 | T12 & T25 & T21),T12.M57,1
129,(T10 & T14) & T12 & T35 | (T28 & T21 & T5) & T39,T14.M73,1
130,T33 | T14 & T39 | (T32 & T15),T33.M152,1
131,((T9 | T0) | T7) & (T36 | T23 & T39),T9.M31,1
132,(T20 | T0 & T3) & T5 | ((T17 | T35) | T26 | T23),T0.M12,1
133,((T31 | T24 | T17 | T6 & T36 | T21 | T30) & T37),T24.M111,1
134,(T18 | T0 & T37 & T26 & ((T39 & T6 & T11) & T20 | T22)),T22.M110,1
135,T20 | T22 | T9 | T1,T22.M110,1
136,(T33 | T6 & T17 | T20 & T33 & ((T13 & T34) | (T34 & T21))),T21.M110,1
137,(T18 & T29 & T25 & (T28 | T39 & T34 & T7 | T13)),T28.M131|T29.M131,1
138,(T38 | T9 & T22 & T5) | T20 & T16 & T6 | T20 | T20,T22.M110,1
139,(T26 | T17) & (T2 & T36) & T15 | T17 & T16,T16.M96,1
140,((T39 & T32 | (T2 & T24)) & (T27 & (T3 | T20))) | (T28 | T4 & T21 & T20),T27.M130,1
141,(T10 & T18 & T3 & T0 | T24) & T12 | T9 | T19 & T1,T10.M73|T18.M85,1
142,(T19 | (T16 & T17)),T16.M96,1
143,(T34 | T31 & T20 & (T16 | T10)),T31.M167,1
144,T11 & T7 & T8 | T36 & T38 | T31,T36.M195,1
145,(T37 | T25) | T10 | T38,T38.M199,1
146,(T12 & T20 & T2 | T9) | T3 & T34 & T0 | T35,T0.M12,1
147,(T46 | (T29 & T59) & T51 | ((T49 | T52) | T41)),T49.M112,1
148,(T38 | T66 | (T11 | T63) | T53),T66.M163,1
149,(T48 | T9 | T17) | T24 & T10 & T55,T10.M34,1
150,(T44 | T24 | T36 | T69 | T6) & T51 & T29 & (T65 | T70),T24.M74,1
151,(T24 | T72 | T34 & T20),T24.M74,1
152,(((T11 | T43) | T7 | T3) | T69 | T73) & T70 | T72 | T56,T7.M1|T3.M1,1
153,T7 | T11 | T34 | T17 | T32,T11.M42,1
154,T74 | T60 | T71 & T24 | T79,T74.M191,1
155,(T30 | T42 | T75 & T50 | T59 | T18) & T29,T50.M149,1
156,(T63 & T27 & T15 & (T1 | T72 | T3 & T52)),T1.M13|T3.M13,1
157,T26 | (T53 | (T38 | T27)),T27.M53|T26.M53,1
158,T74 & (T0 | T61) | T54 & T20 & (T1 | (T28 & T27)),T1.M13|T0.M13|T28.M65|T27.M65,1
159,(T26 & T48 & T54 | T41) | T40 & T77 | T34 | T10,T40.M120,1
160,(T77 | T27) | T32 | (T76 | T34) | T50,T77.M192,1
161,T54 | T72 | T38 & T20 | T18,T54.M134,1
162,T34 | T12 | T7 & T5 & T27 & T15,T15.M27,1
163,((T74 | T3 | (T25 & T56)) & T58 | T17 & T18 | (T3 & T59)),T59.M131,1
164,((T24 & T10) | T47 | T60 & (T54 & T62)) | (T32 | T41) & T51,T41.M106,1
165,T4 & T66 | T67 & T21 & T74,T67.M165,1
166,(T70 & T23) & T12 | T61 | ((T20 & T8) | T23 | T51) | T39,T61.M171,1
167,T2 & T22 & T61 | T41 & T5 | T67 | T23 & T76 | T1 & T19,T67.M165|T61.M165,1
168,T41 & (T44 | (T79 & T34) & T72 & T34 & T9 & T1),T1.M2|T44.M119,1
169,(T0 | T46 & T79 | T33 | T58 & T68 & (T64 & T26 & T62)),T62.M163,1
170,(T55 & T72 & T62 | (T70 & T7 & T70) | T29) & T50 & T14 & T76 & T9 & T60,T55.M134|T70.M197|T72.M197,1
171,T37 & T48 | T62 | T46,T48.M112,1
172,((T6 | T5) & (T35 | T58) | (T6 & T19) & (T12 & T8)),T8.M22,1
173,T76 & T45 | T45 | T75 & T13 | T1 & T75,T75.M194,1
174,(T58 | T40 | T46 | T64 | T69) | T25 & T68 | T6 | T68 | T72 & T25,T40.M106,1
175,(((T2 & T49) & (T39 | T32 | T28)) | T77 & (T61 | T28) & (T9 & T11) & (T49 & T7 & T29 & T11) & T75 | T75 & T8),T7.M1|T9.M1,1
176,((T57 & T68 & T27 | T48) & T16 & T64 | T71 | T62 & T7),T62.M163,1
177,(T3 | T49) | T31 | T41 | T4 | T29,T4.M14|T41.M110|T49.M110,1
178,T7 & T71 & T54 | T43 & T46,T43.M117,1
179,((T35 | T57) & (T25 | T52 & T70)),T57.M147,1
180,((T15 | T72 & T38 & T24) & (T49 | T60 & T69 & T57 | T78)),T69.M156|T72.M184,1
181,T32 & T45 | T46 & (T67 | T61) | T15,T61.M164|T67.M164,1
182,T54 | T69 | T15 | T74 & (T72 & T73 & T31),T73.M191|T74.M191,1
183,(T67 | T51) | (T4 & T2) | T34,T2.M16,1
184,T46 & T52 | T75 | T64 | T9 & (T41 | T44 & ((T60 & T64) | T74) | T46 | T65),T41.M106|T75.M175,1
185,(T39 | T74 & T0) & (T30 | T23 & T54),T30.M90,1
186,T22 & T79 | (T16 | T60) | T73 | T11 | T7,T11.M39,1
187,T16 | T18 | (T61 | T17 | (T67 | T3 | T13)) | T0 | (T60 & T50),T3.M1|T16.M36|T61.M171,1
188,((T26 & T6 | T41) | T0 | T1 & T45 | T61) | T30,T1.M2,1
189,(T35 & (T50 | T33)) & T14 & (T31 | T57),T33.M80|T57.M143,1
190,(T36 | T75 & T18 | T78 | T15 & T73 | (T69 & (T71 | T50))),T15.M43,1
191,(T16 | T36) | (T68 | T41 & T45),T41.M106,1
192,(T72 & T36) & T23 | T66 | T55 & T28 & T26,T28.M70,1
193,T21 | T73 & T71,T73.M191,1
194,(T72 | T76 | (T40 | T55)) & T77 | T31 & T35 & T56 & T9 & T36,T55.M149,1
195,(T60 | T53 | ((T74 | T56) | T79) & T61 | (T33 & T14)),T74.M180,1
196,(T64 & T9 | T7 & T46 | (T76 & T18) & T34),T7.M2,1
197,((T29 | T55 | T30 & T36 | T55 & T14 | (T18 | T55 & T30)) & T63 | T15 | T33 & T44 & T46),T14.M39,1
198,(T51 | T46 | T21 & T27),T27.M74,1
199,T9 & T27 | T42 & T36 | T14 | (T62 & T8) & T64 | T43 & T25 | T62,T62.M163,1
200,T48 & T69 | T63 | T1 | T22 & T41 | T46 & T54,T54.M134,1
201,T41 | ((T27 | T33) | T31),T41.M106,1
202,(((T35 | T51 & T33) & T68 & T43) & T19 | T77),T35.M76,1
203,T78 | T31 & T4 & T59 & T6 | T55 & T10 | T78,T55.M138|T59.M138,1
204,T61 | T32 | T7 | (T33 & T73 | T27) & (T13 & T29) & T54,T33.M99,1
205,T46 & T57 & T15 & T11,T15.M49,1
206,(T35 | T73 & T79 & T66 | (T23 & T25) | T62 | T59 & T26),T73.M191,1
207,((T73 | T23 | T33) | T8) & T21 & T42 | T46,T23.M51|T42.M112,1
208,((T8 & T67 | T25) | (T73 | T79 | T74)),T73.M178|T74.M191,1
209,(T42 & T51 & T32 | (T46 & T8)),T42.M112,1
210,(T5 | T69 & (T38 & T50) | (T67 & (T2 | T33))) & (T44 | T75 | T6 & T5) | (T22 | (T12 & T31) & (T41 & T22)),T44.M119,1
211,(T28 | T56 | T58 | (T17 | T23 | T9)),T23.M50,1
212,(T47 & T16 & T60) | T75 & (T1 | T73 & T46 | T27 & T61) | (T57 | T27 & T31),T61.M156,1
213,(T14 | (T10 & T0) & T53 & T31) | (T41 | T5),T10.M48,1
214,T8 | T76 & T43 & (T58 | T77) | T59 & T15 & T22 & (T0 | T77),T0.M16,1
215,((T8 & T79 | T40 | T77 & T36) | T75),T77.M192,1
216,(T64 & T69 & T19 | (T44 & T2 & T31 & T79)) | T7 & T73 | T70,T73.M191|T70.M191,1
217,(T9 & T3) | T3 & T3 | T9 | T4 & T4 | T6 | T8,T3.M62|T6.M104|T8.M146,1
218,(((T14 | T7) & T3) | T9 & T15 | T4 & (T8 & T14 | T19)),T3.M62,1
219,(T4 & T15 | (((T3 & T1) | (T15 | T14)) & T0 | T18)),T3.M62,1
220,T2 | T4 & T4 & T3 & T0 | T14 & (T19 | T11),T3.M62,1
221,T9 | T8 & T11 | T6,T8.M101,1
222,(T5 & T15) | T3 & (T7 & T6) | T13 | T5,T13.M247,1
223,T16 | (T17 & T16) | (T7 | T1 & T3 & T2) & T11 & T9,T1.M38|T2.M38|T9.M166,1
224,(((T19 & T19 | T3) & T1) | (T1 | T17) | T17 | T16),T17.M340|T16.M333,1
225,((T7 & T9) & T8 & (T2 & T9)),T7.M136|T8.M136,1
226,T14 & T16 & T10 & (T12 & T9 | T11) & (T14 | T8 & T2),T9.M157,1
227,(T11 | T1) & (T10 & (T4 | T8) | (T0 & T3 & T1)) | T14,T3.M62|T11.M175|T10.M175,1
228,T0 & T10 | T2 | T17 | T3 | T17 & T1 & T10 | T17 & T3,T1.M38,1
229,(T15 | T11 | T15 | T11 & T1 | (T14 | T2)),T1.M38|T14.M289|T15.M290,1
230,(T1 | T7 & T14 & T12 | T5 | T9 | T10),T10.M184,1
231,T5 & (T14 | T7) & T6 | ((T0 | T5) & T11 & (T16 & T10 & T17)),T7.M144|T10.M150,1
232,T2 | (T15 | T12) & T4 | T10 | (T19 & T1),T2.M38|T1.M38,1
233,(T19 & (T10 | T15 & T14) & (T4 & T16 | T17) | (T1 | T7 & T9) & T7),T16.M345,1
234,(T3 & T19) | T4 | T14 | T6 & T9 & ((T10 | T11 & T14 & T2) & (T9 | T2)),T3.M62|T9.M166|T10.M166,1
235,(T8 | T12 | T4 & T12 | T2),T2.M25,1
236,T9 | T14 & T4 & (T17 | T2) | T11,T9.M166,1
237,(T6 | T13 & (T0 & T1) | (T19 | T2) | T0),T1.M38|T0.M38|T2.M34|T6.M135,1
238,(T7 | (T16 | T6)) | (T10 & T11 & T14) & (T16 | T4 | T4) & T0 & T19 & T16,T10.M166,1
239,T19 | T8 | T15 | T13 & T6 | (T12 & T17),T17.M319,1
240,(T10 | (T2 | T18)) & (T14 & T3) & T1,T2.M21,1
241,T10 & T5 | T9 & (T3 & (T3 | T0)) | (T19 | T9 & T15) & T8 & T1 | T15 | T11,T1.M38|T0.M38|T3.M95|T9.M166,1
242,T19 & T0 | T16 | T17,T16.M327,1
243,T12 | (T5 | T5) | T1 & T15,T1.M38,1
244,((T17 | T8) & T2 & ((T5 & T9) | T9 & T7 & T15 & T5 | T11)),T9.M166,1
245,T6 | (T14 | T16) | T16 | T1,T1.M38,1
246,(T7 | T8 & T6 | T11 | T9 | T14 | (T0 & T7)),T7.M134,1
247,(T15 | T0) & T17 | T19 | T9 | T0,T0.M20|T9.M174,1
248,((T10 | T17) | T0 | T2 & T15) | T1,T1.M38,1
249,T2 | T4 & T7 | T18 & (T13 | T12 | (T14 & T4 & (T3 & T12))),T3.M62|T13.M229,1
250,(T18 | T9 & T10 | T10) | T1 & T19 & T7,T18.M379,1
251,(T2 | T13 & ((T11 & T14) | T10 | T17 | T6)),T10.M199,1
252,(T10 & T2) | (T18 | T3 | T8),T8.M112,1
253,T4 & T12 & T16 | (T18 & T3 & T8),T3.M62,1
254,T3 & T16 & T8 | T7,T7.M136|T8.M136,1
255,(T2 & T8 | T11 & T12 & T0 | T6) & T15 | (T17 & T13 & T6),T0.M16,1
256,T1 | T11 | T6 | T12 | T1 & T16 | T17 | T13 | T2 | (T13 & T13),T13.M202|T17.M340,1
257,((T11 & T0 | T15) | (T10 | T16)) | (T2 | T2),T11.M156,1
258,(T12 & T2) & T5 | T15 | T2 | T5,T15.M264,1
259,T9 & ((T18 | T2 | T0) | T0) | ((T13 & T1) | T2),T0.M16,1
260,T16 | (T13 | T0 | (T2 & T10)) & T9,T2.M34,1
261,(T6 | (T8 | T7) | (T15 & T0)),T7.M108,1
262,T10 & T1 & T16 | T12 & T4 & T1 | (T0 & T12),T1.M38|T0.M38,1
263,(T12 & T7 | T3 & T5 | T8 | (T19 | (T15 & T4))),T3.M62|T7.M144|T8.M144,1
264,((T8 & T7) & T6),T7.M136|T8.M136,1
265,(T11 & T10 | T16) | (T0 | T9 | T9),T0.M36|T10.M153,1
266,T16 | T7 | T5 | T7 | T18 & T7 | T7 | ((T6 | T1) & T15) | T7 & T15,T18.M378,1
267,(T17 | (T1 & T4) & T17 & (T3 | T12) | T2) & (T18 & T18) | T3,T3.M62,1
268,T19 | T19 & T14 | T1 & T3 & ((T16 | (T18 | T16)) | T2) & T10,T2.M21,1
269,(T16 | T11 | T12 | T3 | T5 | T12 | T0 & T11),T5.M91,1
270,T10 | T2 | T1 & (T4 & T4) | T3 | T12 & T5,T1.M38|T3.M62,1
271,T7 & T8 | T2 & T15,T7.M136|T8.M136,1
272,(T16 | T10) & T11 | T14 & (T1 & (T11 & T10)),T10.M150,1
273,T16 & ((T5 & T3) | T3) | T16 | T10,T3.M95,1
274,(T6 & T19 | T16 & T2) | T17,T16.M327,1
275,((T0 & T10 & T9 & T6 | T18) | (T10 & T15)),T9.M157,1
276,(T11 & T3) | T7 & T5,T3.M62,1
277,(T10 | (T9 | T13) & T19 & T11) & T12,T9.M166|T13.M229,1
278,(T13 | T15 & T5 | T8 & T9 | (T0 | T1)),T0.M38|T1.M38,1
279,(T3 & T17 | T8 | (T18 | T2)),T8.M103,1
280,(T6 & (T0 & T15)) & T3 | T5 | (T6 | T7),T3.M75|T5.M75|T7.M121,1
281,T7 & T3 | ((T7 | T13) & T10 | T9 & T1) | (T3 & T9 | (T10 & T15) & T2),T1.M38|T2.M38,1
282,T15 | T16 | T17 | (T16 | (T7 | T1)) | T14 & T10 & T4,T17.M340,1
283,T15 | T8 & T14 | (T18 & T12),T14.M293,1
284,T8 | T7 & T14 & T0 | T11,T8.M136|T7.M136,1
285,(T4 | ((T6 & T0) & T3)),T3.M62,1
286,(T8 | T6) | (T14 | T14 | T6) & (T8 | T16),T6.M135,1
287,(T2 | T13 | (T18 & T10) & T5 | T0 | T18),T13.M236|T18.M378,1
288,T4 | T0 | T3 | (T14 | T11),T3.M62,1
289,T17 | T9 & T5 | T12 | T14 | T13,T13.M246,1
290,((T8 | (T7 | T0)) & T18 | T3) | T17 | T10,T8.M110,1
291,(T13 | (T19 & T8) | (T5 | T9) | T7 & T6 & T3 & T14),T3.M86|T6.M104|T13.M246,1
292,(T6 & (T16 | T16 & T13 | T3 | T14)) | T18 & T2 & (T13 | T12) | T1 | T19 | T16,T2.M21|T18.M379,1
293,((T0 | T15 & (T2 | T2) & T9) & T15 & (T14 | T19) | T10),T2.M34,1
294,T14 | T0 & T7 & T19 | T8 & T13 | T16 | T8 & T9,T7.M108,1
295,((T11 | T7 | T14) & T8) & T12 | T4 & T3 | T18,T3.M62,1
296,(T6 | T19 & (T9 | T14 & (T5 | T11 & T2))),T9.M166,1
297,(T12 | (T6 | T8)),T6.M111,1
298,T5 & T10 | T15 & T11 & T5 & (T19 & (T4 & T17 & T17)) & (T6 | T14),T10.M175|T11.M175,1
299,(T7 | T4) | T12 | (T11 & T15) | (T4 | T13),T13.M202,1
300,T13 | T17 | T12 & T3 | T5 | T17,T13.M226,1
301,T4 & (T6 & T18) | T0 | T16 | T15 | T18 & (T16 & T18) & (T16 | T18),T0.M30,1
302,T8 | T9 | T11 | T10,T8.M139|T11.M175|T10.M175|T9.M166,1
303,(T18 | T18 | T2 | (T8 | T7 | (T13 & T7))),T8.M129|T7.M108,1
304,T8 & T1 & T15 | T7 & T8,T8.M136|T7.M136,1
305,T5 | (T0 | T10) | T12 & T13 | T10 & T16,T5.M55|T13.M246,1
306,(((T13 | T3) | T19 & T4) & ((T4 | T7) | T19)),T3.M62,1
307,T12 & ((T10 | (T8 | T17) & T4) | T17 & T1 & T6 | T8),T6.M104,1
308,((T15 & T10) & (T0 | T15)) & T12 | T9 & (T9 & T4 | T9),T10.M195,1
309,(T11 & T16 & T32 & T13 | T35 | (T25 & T33 | T11 | T6)),T32.M305,1
310,(T0 | T34 | T21 & (T31 | T15 | T37)),T31.M334,1
311,T7 | T17 & (T3 | T8 & T8) | T5 | (T11 | (T7 & T0 | (T36 | T2))),T0.M39,1
312,T5 | T14 | T31 & T33,T31.M300,1
313,(T30 | T5 | T39) & (T26 | T4 | T19) | T31 | T0 | T7 | T38 & T1 & T34,T0.M39,1
314,(T32 & T38 | T12) | T22 | T1,T38.M366,1
315,T1 & T8 & T30 & T32 & T38 | T36,T38.M370,1
316,((T23 | T24 & T26 | T2) | T1 & T16) | (T13 | T23) & T32 | T26 | T7 & T34 & T39 | T13 | T4 | T27 & T11 & T2,T24.M206,1
317,(T19 | (T35 | T10) | T31 & T8),T19.M184,1
318,(T37 & T6) | T2 & T3 | (T3 | (T19 | T5)),T2.M19|T5.M62|T6.M92|T19.M184,1
319,(T38 & T1 & (T28 & T12) | T10) | (T4 | T17),T12.M121|T28.M295,1
320,(T34 | T34 & T22) | T25 & T31,T31.M312,1
321,(T2 & T15 | (T1 & T17 | T7) & T8) & T9 & (T17 | T34) & T12 | (T10 | T8) | T36 & T39 | T0,T1.M18|T12.M134,1
322,T20 | T21 & T29 | T33,T20.M229,1
323,((T20 | T9) | (T35 & T11 & T31)) & T15 | ((T28 & T21) & T26) | ((T29 & T7 | T12) & (T27 | (T30 | T10))),T12.M138|T20.M240|T27.M295|T28.M271,1
324,((T24 & T21 & T33) | T31) & (((T7 & T21) & T6) & T0 | T13),T33.M325,1
325,(T37 & T5 & (T20 | T19) | T26) & T18 | T29 & T16,T19.M168,1
326,T4 & T25 | T0 & T27 & T23 & T19,T0.M24,1
327,T9 | T19 | ((T21 & T16 & T14) | T13 & T22),T16.M181,1
328,T21 | T11 | T22 & (T39 | T37 | T33),T39.M359,1
329,T33 & T11 & T6 | T12 | T21 | T27 | T16 & T21 | T18 | T7 & T34,T18.M156,1
330,T10 | T4 | T3 | T5 & T27,T3.M38|T5.M99,1
331,((T38 & T26) & T36 | T13),T38.M370,1
332,T34 & T20 | (T23 & T24) | T1,T23.M211,1
333,(T1 | T39 & (T24 | T36)),T24.M209,1
334,((T21 & T39) & T10 | T30 | T10 | T10 & (T4 & T38) & T29),T38.M359,1
335,T19 | (T15 & T2 | T0) & T15 & T14 & T2,T19.M195|T15.M195,1
336,T23 | (T10 | (T38 & T2)) | (T5 & T5) | T36 | T21,T38.M380,1
337,(T13 & T23 & T37 | T26 | T22 & (T12 | T32 & T3) | T17),T12.M117,1
338,(T28 | T13 & (T15 | T27) & T9) | ((T1 & T21) | T28 & T20),T21.M236|T27.M269,1
339,(T7 | T5) & T29,T7.M91,1
340,(T11 | T21 | T11 & T3) | T17 | T19 & T35 | T38,T35.M395|T38.M359,1
341,(T10 | T4 & T23 | T19 | T30),T4.M33|T19.M184,1
342,T5 | T5 & T19 | T0 & T37 & (T1 & T7 | T32 | T14) & T38,T7.M91,1
343,T28 | T33 | T39 | T1 & T5 & (T18 & T1 | T31 | T33),T31.M327,1
344,T32 & (T16 & T11) & (T11 | T29 | T27) | T9,T27.M295,1
345,(T20 & T33 & (T32 | T32) & T34 & T35 | T31 | T10),T33.M325|T32.M305,1
346,(T15 | T39 & T39 | T9 | (T9 | T4)) & T35 & T38,T39.M382,1
347,T27 & (T19 | T29 | T18 & T23),T18.M181,1
348,(T7 | T34 & (T9 | T35 & T37)) | (T24 | T14 | T9),T9.M77,1
349,((T12 & T25 & T24 | (T32 & T39)) | (T39 | T1)) & (T39 | T5 | ((T20 | T37) | T7 | T37)),T20.M230|T37.M359,1
350,(T17 | T34 & T31 & T12 & (T34 | T13) & T21),T12.M117|T31.M312,1
351,(T13 | T13 & (T0 & T5 | T36 & T9 | T7) & ((T3 & T8) & T38)),T0.M34|T5.M84,1
352,T31 | T4 & ((T21 | T31) | T23),T23.M240,1
353,T21 & T22 & T38 | T14 & T32 | T30 & T16 & T1 & T35 | (T20 | T14),T32.M320,1
354,T3 & (T30 | T31) | (T5 & T15 | T9 & T4 | T9),T5.M83,1
355,((T1 & T2 & (T29 & T3)) & (T3 | T37) & T5 | T16 & T38),T1.M34|T2.M34|T37.M382,1
356,T37 & T3 | (T30 | T28 & T6) | T24 & T5 | T3,T5.M62|T37.M396,1
357,(T27 | T37 | T39 | (T35 | T4) | T18),T39.M381|T37.M395,1
358,(T17 & T9) & T18 & T19 & T15 | T32,T19.M178|T18.M178,1
359,(T36 | T11 & (T15 & T25 | T16)),T15.M198,1
360,(T33 & T12 | T20 & T30 | T24 | (T10 & T3 | T17)),T20.M209,1
361,(T1 & T18) | T22 | T19 & T36,T19.M168,1
362,T19 & T21 & T16 & T35,T16.M181,1
363,(T12 & T23) | T29 & T28 | T19 | T35,T23.M240,1
364,(T26 & T39 & T15 & T29 | T9 | T38 | T11),T29.M253,1
365,T30 | T4 | T1,T30.M327,1
366,(T20 | T23 | (T8 | (T5 & T19))),T8.M67|T5.M67,1
367,T7 | T20 | T12 & T24 & T32 | T23,T24.M233,1
368,T18 | ((T23 | T4 & T12) & T16 | T14),T12.M134|T16.M197|T18.M197,1
369,((T18 & T34) & (T2 | T31) & T9 & T25 | (T15 & (T23 | T27)) | T8 & T31),T18.M178,1
370,T34 | T1 & T38 | T11 | T22 | T4,T1.M35,1
371,T17 & T37 & T9 | T27 | (T29 | T18 | T5 & T1 | T4 & T22),T37.M387,1
372,(T13 | T20 | T28 | T10),T10.M131,1
373,T3 | T0 | (T19 | T30),T19.M168|T30.M327,1
374,T14 | T33 & T12 & (T29 | T12) | T26 & T37,T29.M253,1
375,T33 | T20 | (T22 | T36 | T22) & T18 & T27 | T36,T18.M181|T20.M208,1
376,T7 & T7 & T34 | T5 | T20,T7.M91,1
377,((T37 | T33 | T29 & T32 | (T11 | T11 | T17 | (T24 | T12))) | (T33 & (T29 | T11 & T16))),T29.M292|T33.M307|T37.M395,1
378,T33 & (T34 | T33 & (T31 & T3)) | T4,T3.M38|T31.M300,1
379,((T3 | T24 | T22 | T2 | T25) & T12 | T3),T2.M19,1
380,T30 & (T4 & T31 | T24) | T31 | T3,T4.M34,1
381,(T39 | (T34 | T15) | T14 | T24),T39.M359,1
382,(T5 | T39 & T39 | T21 & (T32 | T8) | T27),T8.M92,1
383,(T32 & ((T25 & T29) | T12 | T17) & T26 | T35),T25.M253|T29.M253,1
384,T28 | T12 & T2 | T22 | T19 & T21,T2.M19,1
385,T28 & T25 | T5 | T35,T25.M250|T28.M250,1
386,(T1 & T0 | T33 & T38 | ((T35 & T12 & T13 | T9) | T2 & T12 | T2)),T12.M117|T33.M333,1
387,(T35 & T0) | T15 | (T20 | (T35 | T25 | T3 | T28)),T0.M39|T35.M357,1
388,(T20 | ((T5 | T26) & T38) & T30 | T15 & T3 & T4 | T38),T4.M34,1
389,(T16 | T10) | (T39 & T37 & T7),T39.M359|T37.M359,1
390,(T14 | (T25 | T0)) | T16 & T12 | T17,T16.M175,1
391,T0 & T26 | T5 & T5 | T19 & T18,T19.M168,1
392,T10 & T18 | T32 | T36 & T10 | T38,T18.M156|T38.M369,1
393,(T23 | T1 | T11) | T12 | T33 & T31 | T29 | T2,T11.M137|T31.M327,1
394,(T34 | T12 & T26 & T6 & T39) | T18 | T7 & T16,T16.M168,1
395,((T9 | T34 & T32 & T19) & (T15 | T8)),T8.M77|T9.M77|T19.M178,1
396,T15 | T9 | (T26 | T15) | T27 | T17 & (T38 | T35),T26.M276,1
397,(T32 | (T23 | T27 | T34) | T17 & T25),T25.M250,1
398,T5 & T15 | T7 & T3,T7.M91,1
399,T38 & T35 | T3 | T5 & T37,T38.M354,1
400,T17 & T24 & T30 & (T24 | T38) | T35 & ((T34 & T16) | (T4 & T25 & T36)) & T18 | T19,T16.M181|T18.M181,1
401,T9 | T1 | T30 | T36,T1.M9|T36.M355,1
402,T33 | T19 | (T24 & (T13 & T16 | T3)),T16.M161,1
403,((T18 | (T12 | T4)) | T31 | T20) & T25 | T18 & T35 | T3 & T28,T4.M34|T12.M101,1
404,T15 | (T35 | T19 & T4 & T21),T19.M178,1
405,T39 | (T4 & T20) | T15 & T19 | T6 & T11 & (T6 | T18),T19.M195|T18.M195|T15.M195,1
406,(T2 | T22 & T29 | T7 & T23) | T4 & T15,T4.M15,1
407,(T31 & T9) & T23 & T11 | T21 & T25 | T27 | (T2 | T21),T2.M3,1
408,((T6 & T25) & T4) | (T5 & T21 & T3 | T1),T4.M15,1
409,T26 | T32 & T18 & T32 & T2 | (T23 & T37 | T22 | T14 & T37 | T38 | T13 & T6 | T7 & T17),T18.M156,1
410,T18 | T24 | T10 | T18 & T6,T18.M178,1
411,(T5 & T2 | T19 | T8),T5.M75,1
412,T30 | T10 | T37 & ((T32 & T34) & T18),T34.M343,1
413,(T13 | T19 | T27) | (T32 & T34 | T32),T19.M195,1
414,((T54 & T55 | T9 | T62) | T3 | (T6 | T54)),T54.M279|T62.M331,1
415,T38 | T70 & (T49 & T66) & T53 | T64 & (T27 | T21 | T67 | T5),T67.M325,1
416,(T9 & T47 | T44 | T64 | T4),T44.M225,1
417,T64 | T58 | T65 & T31 | T50,T50.M270,1
418,(T36 & T37 | T79 | T1 | T26 | T77 | T36),T79.M396|T77.M364,1
419,(T6 & T32) & T75 | T41 & T40,T40.M238,1
420,T64 | (T1 | T62 | T23) | ((T32 & ((T78 | T41) | T40)) | T2),T78.M376,1
421,T1 & T13 & T75 | T59 | (T60 & T6 | T38 | (T19 & T36)),T38.M173,1
422,((T28 & T30 | T19) | (T14 & T7) | (T36 | T30)),T19.M51,1
423,((T65 & T20) & T8) & T53 & T65 | T77 & T31 & T27,T27.M104,1
424,(T56 | T66 | T43 & T43 | T75) | T58 & ((T37 | T44) | T59),T56.M272|T59.M290,1
425,T3 & T25 | T51 | T12 & T37 | (T35 & T14 & T77) & T29 & T41 & T64 & T7,T12.M74|T35.M193,1
426,((T62 | T14 | (T38 | T35)) & (T67 & T17 & T75) & T65),T62.M317,1
427,(T72 | T15 & T26) & T69 | T41 | T24 | T29,T26.M106,1
428,T49 | T41 | T57 & T46,T46.M210,1
429,(T19 | T31 | T78 | T33),T33.M155,1
430,T78 & (T72 & T55 & T64) & T32 | T30 & ((T54 & T51) & T11 | T56),T32.M153|T54.M298,1
431,T75 & (T20 | T57 | T7 | T53 | T19),T19.M55,1
432,T10 | T79 & T16 & T14 & T51 | T4 & T71,T79.M361,1
433,T71 & (T11 & T45 | T76) | T9,T76.M372,1
434,T29 | T9 & (T13 & T45 & T5 & ((T11 & T61) | (T34 | T24) & T56)),T24.M106,1
435,(T1 & T6) | (T25 & T45) & T18 | T33,T1.M8,1
436,((T66 | (T5 | T7)) | T25 | T71),T5.M9|T71.M368,1
437,T45 & T62 | T77 & (T68 | T63 & (T47 | T31)) | T65 & T18 & T0 | T44 | T65,T45.M226|T47.M226,1
438,T35 | (T34 & T21) & (T0 | T34 | T38 & T64),T38.M198,1
439,T10 & T47 | (T49 | (T66 | T18) & T10 & T28),T47.M233,1
440,T56 | T2 | T50 & (T75 & T60 & T62),T62.M308,1
441,(T26 & T48 & T7) | T6 & T32,T7.M8,1
442,T16 | T40 & T17 & T59 | (T41 & T39),T41.M203,1
443,(T42 & T65 | (T42 | T14) | T47),T47.M223,1
444,(T9 & T0 & T6 | T71 & T46 | T1 | T54 & T79 & T59),T6.M26|T79.M361,1
445,((T25 & T19) | (T68 | T78)) & (T41 & T11 | T33) & T71 | T42,T19.M65|T41.M248,1
446,(T30 & T79 & T17 | T4) & (T11 | T77),T77.M367,1
447,T61 | T18 | T12,T61.M344,1
448,T56 | T30 & T45 | T54,T56.M285|T54.M253,1
449,T3 | T14 | (T44 & T7),T7.M0,1
450,(T15 & T27 & T71 & T50 | T79 & (T4 & T32)),T79.M354|T71.M354,1
451,T68 | T10 | T47 | T6 & T23 | T48 & T37 & T38 & T45,T38.M193|T47.M226,1
452,(T71 & T10 & T76 | T67 & T14 & (T68 & T23) | T3 & T66 & T1),T68.M302|T71.M354|T76.M354,1
453,((T24 | T40) | T26),T26.M106,1
454,(T41 & T34 | T75 | (T71 & T6 & T79)),T79.M361|T75.M361,1
455,T45 | T38 | T32,T38.M173,1
456,T51 & T11 | T44 & T10,T11.M60,1
457,(T79 & T63 & T71 & (T48 | T30 | T35) & T40),T79.M361,1
458,(T55 | T1) | (((T58 | T5) | T45 & T26) | T47),T5.M6,1
459,T31 | T36 | T72 & T39,T36.M192,1
460,(T63 & T29 & T56 | T39) | (T74 | T22 | T47 & T52) & T26 & T49 & (T36 & T50) | T50,T26.M147|T36.M192,1
461,T28 | T55 & (T22 | T7 & T6),T7.M29,1
462,((T2 | T52 & T14 | T34 & T72) | (T77 | T14 & T6) | T48 | T36 | T61),T77.M360,1
463,(T19 | T68 | T14 & T16 & T60 | T75 & T49 | T60 | T8 | T41),T16.M70|T68.M302,1
464,(T23 & T27 | T74 | T35) & T11 & T36 & T12 & T4,T27.M106,1
465,(T4 | T75 & T21 & T45 | (T70 | T7)),T70.M383|T75.M391,1
466,(T13 & T53 | T75 | T51 & T1) | (T47 | T6) & T36 | T69,T1.M6,1
467,(T73 | T66) & T6 & T70 | T57 & (T49 & (T45 | (T53 | T33)) & T56),T73.M360,1
468,T46 | T8 | T73 & T63 | T54 & T4 & T42,T4.M26|T42.M220,1
469,(T24 | (T38 | T79 | T22)),T22.M125,1
470,((T77 & T49) | T60 | (T23 | T35)) & T74 & T53 & T58,T77.M393,1
471,T6 | ((T1 & T14 & T74) | T60 | T22 | T32),T6.M30|T1.M6,1
472,T66 | T64 | T1 | T68,T66.M342,1
473,(T8 & T73 & T52 & T67) & (T0 | T77 | T7 & T57),T77.M350,1
474,T0 & T53 | T54,T54.M253|T53.M253,1
475,T38 | T46 | T47,T47.M215,1
476,T8 & T74 & T67 & (T7 | (T43 | T72) | (T44 | T18)),T7.M14|T44.M206,1
477,T68 & T10 | T2 & T1 & (T33 & T31),T2.M3|T1.M3|T31.M188,1
478,T6 & T0 & T12 & T23 | T39,T6.M26,1
479,T23 | T8 | T25,T23.M133,1
480,T41 | (T4 & T30) & T57 & T31 | T50,T57.M251,1
481,T65 & ((T15 & T79 & T53) | T0 & T63),T63.M318|T65.M318,1
482,T70 | T1 | T7 | T62 | T23 & T32 & T66,T7.M17|T66.M338,1
483,((T27 & T36 | T38 | T12) | T47 & T51 | T8 | T18 & (T48 | T32)),T38.M177,1
484,T26 & T63 | (T72 | T19) & T33 & T25,T26.M137,1
485,(T38 & T46 | T38) | T41 & (T29 & T52 | T48 | T31) | (T7 & T51 | (T60 | T35 & T60)),T31.M196|T46.M206,1
486,(T3 | T77) | T20 | (T8 | T22) & T33 | T68 & T23 & T29 | T42,T23.M110,1
487,((T69 | T68) & T29 & T43 & T23),T29.M121,1
488,T57 | ((T64 & T60 | T58) & (T6 | T15)),T60.M345,1
489,T76 & (T37 & T60) & (T33 | T34) | T71,T76.M372,1
490,T65 & T53 & T39 & T58 | T57 & ((T20 | T60) | T21),T60.M307,1
491,((T77 & T36 | T66) | T13 & T7 | T71 & T73 & T63 | T64),T63.M331|T64.M331,1
492,((T36 | T67 & T48 & T72 | (T16 & T60 & T26)) & T9 & (T62 & T71 | T64) | T53),T67.M326|T62.M326,1
493,(T5 | T10 | T37) & (T1 | T67 & T2),T5.M6,1
494,(T49 | T13 & T32) | T37 & T30 & (T10 | T59),T32.M150,1
495,(T62 & T75 & T25 & T20 & T49),T20.M113,1
496,T58 | T15 & T29 & T30 | T40 & T20 | T23,T29.M131|T20.M131,1
497,(T56 | T21 | T67) | T71 & T78,T71.M382,1
498,(T47 | (T61 & T44 | T28)),T44.M225,1
499,(T10 & T8 & T36 | T1 & T40) | T10 & T3,T3.M13,1
500,T74 & T44 | T46,T46.M204|T44.M204,1
501,(T59 | T49 | T35 | T27 | T76),T76.M361,1
502,T62 & T0 | (T26 | T14 | T63 | T40) | T16 & T53,T40.M232,1
503,(T50 | T6) | (T27 & T35 & T37) & T34 | T36 & T45 & (T10 & T65 & T65),T36.M193,1
504,(T59 | T53 & (T7 & T57)),T53.M284|T57.M284,1
505,((T21 | T36) | T72) | (T44 & T76) & T1,T76.M361,1
506,(T7 | T43 & T44) & T66 | T3,T44.M206,1
507,T46 & T25 | T47 | T36 | T42,T46.M225|T42.M209,1
508,(T56 & T23 | T36) & (T14 | T27),T23.M130,1
509,T24 | T36 & (T78 | T51 & T33 & (T46 & T26 & T56)),T26.M140|T56.M298,1
510,(T49 | T64 & T1 & (T73 & T22)) | T54 & (T50 | T76 & T0) & T7,T7.M17|T1.M17|T73.M364,1
511,(T44 & T53) & (T58 | T43) & T5,T43.M246,1
512,(T9 & T53 & T30 | (T40 | T8) & T64 | T23) & (T28 & T34 & T5),T23.M108,1
513,(T54 | T8 | (T1 & T46) & T30 | T33 | T1),T33.M155,1
514,(T6 | T35 & T14) | T75 & T79 | T68 & T57 | T75 & T69 & T59 & T2,T79.M361|T75.M361,1
515,T72 | (T15 | T27 & T33) & T23 & T42 & T33,T27.M124,1
516,(T6 & T0) & T35 | T77,T6.M26,1
517,(T67 & T18 | T65 & T78) & T64,T65.M342,1
518,(T38 & T49) & T6 | T13 | (T70 & T4 & (T36 | T8 | T1) & T31 | T15 | T24 | (T68 & T61)),T1.M22,1
519,((T17 | T12) | T27 | T32 | T17 | T46) | T63,T12.M96|T27.M106,1
520,T42 & T46 & T41 & T7,T42.M209,1
521,T14 & T13 & T8 & T12 | T16 & T54 | (T3 | T68),T13.M74,1
522,((T44 & T14 & T35) & (T71 & T7 | (T14 | T15) & (T28 & T22))),T22.M125,1
523,(((T31 & (T71 | T45) & T13 | (T69 | T57)) | T31 | T45 & T46 | T69) | T56 & T79 | T50),T31.M183,1
524,(T47 & T29 | T50 | T21) | T63 | T69 | T24,T29.M103,1
525,T63 | T65 & T27 & T48 | T67 | T58 & T68 & T21 & T42,T65.M323|T68.M302,1
526,(T25 | T40 & T75) | (T12 | T57),T40.M232,1
527,(T0 & T16 & (T17 | T9)) & T4 & T14,T17.M677,1
528,(T14 | T7 | (T4 | T8)),T7.M216|T8.M292,1
529,(T14 & T8 | T15 | T8 | T10 | ((T6 | T6) & T1 | T6)),T8.M294,1
530,T19 | (T13 | T14),T13.M442,1
531,((T2 & T7 | T4) | T17 & T9 | T7 | T16 | T12 & T2),T16.M672,1
532,((T1 | T2 | T2 & T3 & T2) | T13 | T5 | T16 & T4 & T9),T1.M89|T4.M112,1
533,T6 & T2 | T7 & T9,T7.M216,1
534,(T17 & T5 & T10) & T16 | (T19 & T9) | T10 | T18 & T0 & T17 & T2,T0.M48|T18.M733,1
535,T6 | T13 | (T3 | T19),T19.M754,1
536,(T6 & T13 | T7),T7.M216,1
537,(T6 & T7 | T4),T7.M216,1
538,(T14 | T1 & (T18 | T9 & T8)) | ((T18 | T3) | T7 & T14),T1.M89,1
539,((T4 & (T16 | T13)) & T12 & (T15 & T0 | T1)) & (T4 | (T3 & T15) & T16),T0.M48,1
540,(T13 | T11 | T18 & T16 & T5 | T9) & T16 | T12,T5.M180|T13.M462,1
541,(T1 & T8 & T3 | T13 | T12 | T12 | T1),T8.M294,1
542,(T7 | T4) | T0 | T16,T0.M51|T16.M681,1
543,T17 | ((T2 | T10 & (T6 & T9) & T17) | (T8 | T12 | T5)),T5.M122|T8.M292,1
544,T8 | T6 & T9 | (T8 | T1),T6.M213,1
545,T4 & T6 & T0 | T7,T7.M216,1
546,(T11 & T4 | (T19 | T3 | T0 | T5)) | T3 & T19 & T11 & T4,T0.M76|T4.M112,1
547,(T15 | T4 & T6 | T0 & T12 | T16 | T5),T4.M112,1
548,T16 | T13 | (T17 & T4 | T5 | T10),T17.M647,1
549,T12 | T2 | T4 | T11 | T11 | T4 & T7 & T9,T2.M38,1
550,T11 | (T15 & T10) | T14 & T16 | (T12 | T15 & T1) | T15,T16.M632,1
551,T1 & T17 | T5 | T6 & (T18 & T6 | T13) | T16 | T9,T16.M672,1
552,T3 | (T7 & T11) | T13 | (T0 & T2),T13.M445,1
553,T4 | (T2 | T7 | T1 & T19 | (T3 | T2 | (T18 | T17))) & (T3 & T7),T17.M635|T18.M733,1
554,T6 | (T7 | T18 | T16) & T0,T7.M239,1
555,(T10 & T11 | T12 | T0 | (T16 | T13) | (T10 & T16)),T0.M85,1
556,(T14 & T16 | T15 | T8 | T13),T13.M403,1
557,(T5 | T4 | T13),T13.M415,1
558,(T1 & T11 | (T7 | T13) & (T12 | T15)),T13.M491,1
559,(T8 & T3 & T7 | T3 | (T4 & T2) | (T10 & T3)),T7.M274|T8.M292,1
560,((T3 & T19 | T7) | T5 | T3 | T3 & T16 | T2 | T0 | T14),T19.M727,1
561,T16 | T16 & (T6 | T4 | T12 & T1),T6.M213,1
562,T13 & T3 & T8 | T9 & T18 | T19 | T4 & (T1 & T5 | T2 | T12 & T17),T13.M415|T18.M786,1
563,T19 & T9 | T18 | T2 | (T17 | (T15 | T13)) | T17 & T2 & T3 | T12 | T14 | T7,T19.M727,1
564,(T8 & (T13 & T7 | T19)),T7.M223,1
565,T16 | T4 & T19 | (T13 | T16) & T7 & (T15 | (T17 | T1 | T9 | T13)),T17.M696,1
566,((T14 & T4) & T16 | T9) | (T1 & T4) & (T2 & T9) | T18 & T8 | T4,T9.M389|T14.M563|T16.M632,1
567,T14 | T7 & T14 | T14 & T6,T7.M216,1
568,(T17 | T1 | (T7 & T14) | T4 & T4 & T12 | T14),T1.M3,1
569,(T14 | T0 | (T14 | T10 | T9 & T7)),T0.M94|T7.M274|T9.M348,1
570,T6 | T17 | T15 & T0 | T19 & T7 & T4 & (T15 | T2) & T17 | T11,T0.M94,1
571,((T17 & T6 & T18 | T4 | T19 & T8) & (T1 | T2 | T13 | (T2 & T12) & T10)),T18.M733,1
572,((T12 & T7 | T0) | (T17 & T2 & (T13 & T6 & T9))),T2.M64|T7.M216,1
573,(T7 & T4 | T8 & (T9 & T18)) & T6 | (T8 | T5) | (T0 & T6),T7.M274,1
574,((T16 | T13 & T19 & (T18 & (T6 & T12 | T1))) & T14),T18.M733,1
575,((T4 | T11 & T12 | T2) & T1 | T13 & (T2 | T18) | T5 & (T15 | T2)),T4.M137,1
576,((T7 | T11) | T5 | T13 | (T9 | T0)),T5.M119,1
577,(T9 & T4) | (T18 & T4 | T17) & T4 | T9 | (T6 | T16 | T19 | T12),T16.M672|T19.M793,1
578,(T0 | T13 & T0 & (T9 & T0 & T14)) & T11 & T2 & (T16 & T10 | T18),T0.M21,1
579,(T19 | (((T3 | T14) | T12) | (T13 & T15))),T15.M520|T19.M793,1
580,((T7 & T10) | (T6 & T8) & T8),T7.M216,1
581,(T12 | T13) & T3 & T16,T13.M491,1
582,(T2 | T9) & T4 | T2 | T0 | T9,T4.M137,1
583,T2 | (T8 & T17 & T1) | ((T11 | T2 & T9) | T15),T17.M658,1
584,T8 | T13 | T3 | T16 | T11 | T5 & T16 & (T0 | T18) | (T5 | T14) | T19,T19.M727,1
585,T8 | (T17 | T18 | T3) | T10 | T19 | T13,T18.M733|T19.M705,1
586,T7 | (T8 & T2) & T15 | T19 | (T19 | T8 & T16 & T4),T7.M274|T19.M713,1
587,(T18 & T15 | T0) & T11 | (T19 | T13) & (T5 | T1 & T0) & T1,T18.M733,1
588,(((T18 & T4 | T6) & ((T19 & T18) | T9 & T10)) & T19 & T2 & T11 | T1 | T14),T18.M733,1
589,(T12 & (T16 & T1) & T13 & T12),T13.M491,1
590,T4 & T6 & T6 | T7 & T8 | T18 | T18 | T11,T8.M292,1
591,(((T1 | T9) | T4) | T6 | (T3 | T11)),T6.M264,1
592,((T15 & T11) | T18 & T3 | T11) & T5 | T19,T18.M786,1
593,T8 | (T19 | T5 & T6) & T12 | (T4 | T12) & T1,T5.M137|T4.M137,1
594,(T4 & (T1 | T9)) & T5 | (T5 | T6) | T19 & (T9 | T4),T6.M277,1
595,((T15 | T3) | (T19 & (T6 | T13) | T2)),T13.M415,1
596,(T11 | T18 | T0 & T0 & T15 | T5 | T4 | T14),T4.M112,1
597,(T17 & T11 & T12 & T12 & T7 & T13 | T11 | T8),T7.M223|T13.M491,1
598,((T1 & T7 | T2) | T19 & T9 | T16 & T6 | T7 & T10) | (T16 & T7) | (T15 | T11 | T10),T1.M93|T7.M210,1
599,(T9 & T12 | T20 & T6 | T39 | T27 | T9 | T8) & T21,T6.M109|T8.M114,1
600,T7 | T26 & T1 | (T23 | T29 | T14 | T9 & T6),T23.M473,1
601,T12 & T37 & T14 & T30 | T37 | T0 & (T7 & T13 & T26),T14.M211,1
602,T29 & T5 | (T30 | T24 & T28) | T18 & T7 | (T25 & T34 | T26),T25.M555|T34.M670|T30.M670,1
603,(T26 & T3 | (T27 | T14 & T1)) | T36 & T34 | T39 | T6,T26.M561|T27.M563,1
604,(T6 | (T13 | T5)) & T28 & (T34 | T2 & T27) | T13 | T17,T27.M557,1
605,(T34 | T9) & T23 | T21 | T32,T23.M408|T34.M688,1
606,(T5 | T0) | T31 | T5 & T21 | T1 & T30,T0.M78,1
607,(T30 | T26 | T38 | T17 | T13 | T39),T38.M736|T39.M723,1
608,((T13 | T29) & T19) | (T27 | T4) | T28,T27.M514,1
609,T36 & T14 & T6 | T14 | T4 | T13 | (T5 & T6) | (T21 & T35) | T11 | T2 | (T32 & T23),T36.M778,1
610,T15 & T19 | (T15 | T27) | T5 & T14 | T6 & T6,T6.M122|T15.M394|T19.M374,1
611,(T33 & T2 | T33 | T8),T8.M146,1
612,T33 | T25 | T13,T25.M589,1
613,T27 | (T4 & (T6 | T28)),T28.M567,1
614,T9 & T19 & T13 & T15,T19.M359,1
615,T11 | T3 & T4 | T36,T4.M28,1
616,T5 | T0 | T22 | T4 | T37 & T5,T4.M11|T22.M470,1
617,T27 | T8 | (T15 | T32) | T29,T27.M545,1
618,T22 | T21 | (T20 | T1) & (T19 | T35) | T31,T20.M488|T21.M409,1
619,(T38 | T37 | T37 & T19 | (T2 | T35 | T24) | T33),T38.M754,1
620,T22 & T20 | T26 | T10,T20.M488,1
621,(T6 | T19) | (T29 | (T19 | T9) & T1),T6.M106|T29.M548,1
622,T29 & T31 & T33 & T25 & (T3 & T28 & T24 & (T38 & T34) & (T25 & T21) & T26 | T1 | T25),T26.M598,1
623,T16 | T31 & T31 | (T21 & T11 | T16),T16.M335,1
624,((T11 | T19) & T16) | (T24 | T17 | T30),T17.M326,1
625,T9 | ((T17 & T6) & T12 & (T36 & T25)),T6.M118,1
626,(T27 | T12 | T0 | T22 | T15 & T7 | T1),T1.M11,1
627,(T37 | T9 | T0 & T16 & (T37 | (T2 | T33))) | T14,T2.M31,1
628,T14 & T37 | T20 | T23 | T10,T10.M220|T20.M488,1
629,T39 & T12 & T1 & T36,T36.M706,1
630,(T17 | T23 & T17 & (T5 & T24) & T7 & T39 & T12),T24.M465,1
631,((T6 & T21 & (T37 & T28) | T32 & T2) | (((T11 | T19) & T20) & T38 & T2 | T30)),T21.M402|T32.M659,1
632,((T13 & T3 & T34) & ((T16 & T7 | T16) | T6) & T9 & T7 | T12 | (T15 | T11)),T6.M188,1
633,(T36 | T38 | T15) | (T17 | T28),T15.M394|T17.M364,1
634,((T8 & T18 & T32) & T31 & T14 | T3 & T4 & T20),T4.M28,1
635,T32 | T19 | T2 | T31 | T28,T31.M696,1
636,(T4 & T39 & T24) & T10 | T3 & T27 | (T14 & T4 | T25 | T13) | (T27 | T31) & T28,T14.M227|T25.M542|T27.M598,1
637,((T31 | T34) | (T17 | T10) | T1),T34.M678,1
638,(T32 & (T8 & T13) | T10 & T27 & (T11 & T33 & (T1 & T7)) & (T6 | T4)),T6.M188,1
639,T0 | T24 | T20 | T8 & T6,T6.M122|T8.M189,1
640,(T19 & T38) & T26 & T15 & T35,T19.M368,1
641,T32 | T26 & T2 | T10 | T32,T26.M537,1
642,(T17 | T32 | T21) | T38 | T15,T15.M394,1
643,T23 | T11 | T14,T11.M216,1
644,T8 & T21 | T11 | T30,T21.M492,1
645,(T0 | T22 & T8 | T12 | (T36 & T19)),T8.M153|T22.M468,1
646,((T2 | (T6 & T23)) & T5 & T32 | (T8 | T6) | T16 & T33 | T24 | (T9 | T15) & T35),T15.M341,1
647,(T2 & T39 | T16) | T24 & T20 | T1 & (T37 & T23),T24.M465,1
648,(T1 | T22 & T13 | T20 | T35) | T0 | (T2 | T25 | T36) | T23,T1.M11|T20.M488|T36.M778,1
649,T0 | (T32 | T4 | T32 & T36 & (T15 | T21 | T0)),T21.M435,1
650,(T3 | T28 | T28 | T2),T2.M31,1
651,T28 & T17 & ((T29 | T38) & T0) & (T39 & T27),T27.M515|T28.M515,1
652,T33 | T39 & T32 & T29 | (T30 & T7 | T34),T29.M542,1
653,(T32 | T27 | T8 | (T36 | T6)),T6.M122|T36.M713,1
654,(T32 & T5 & T31) & T7 | T33 | (T39 | T0),T0.M18,1
655,(T8 & T24 & T13) & (T4 | T12 & T37) | (T17 | T38) & T29 & T15 & T8 | T31 & T2 & T32,T12.M214,1
656,(T30 & T17 & T6) | T20 & T1 | T31 & T0 & T39,T0.M32,1
657,((T35 | T4 & T33 & T8) | T4 & ((T5 & T16) | T9) & T20),T5.M134,1
658,(T20 & T16 & T28 & T3) | T22 & T18 | T9 & T34 & T2,T20.M488,1
659,T17 & T10 | (T37 & T2) & T22 | T19 & T3 & T16 | (T33 | T32 | T25),T2.M3|T16.M343|T19.M343,1
660,(T8 | T4) & T3 | T7,T4.M28,1
661,(T31 & T5 | T17 & T14) | T10 | T4 | T28,T17.M388,1
662,T3 | T24 | ((T18 | T32) | T36) | T16,T18.M340,1
663,(T5 & T31) | (T17 | T28) | T38 | T36 & T37 & (T30 | T27) | T1 & T19 & T35,T36.M778,1
664,((T15 & T30 | T37 & T26 & T0) | ((T7 & T19) | T2 | T13)),T15.M330,1
665,(T36 & T21) | T8 | T25 | T30 & T39,T36.M775,1
666,(T24 | T27 | (T18 & T1)) & T24 & T30 & (T35 & T26 | T28 & T32) | (T21 | T30),T24.M488|T28.M553,1
667,(T23 | T27 | (T26 & T12 & T15 & T23)) | T13,T12.M202|T13.M234|T15.M300,1
668,T32 & T37 & T3 | T7 | (T17 | T14 | T10 & T36 & (T36 | T31) | T24),T36.M778,1
669,T25 | (T6 | T39 | T5) | T2,T6.M167|T39.M765,1
670,T30 & T14 & (T14 & T23) | ((T20 & T18) & T35 & T12 & T14),T12.M202|T20.M488,1
671,((T3 & T12 & T3 | T26) | T24 & T14),T12.M202,1
672,T14 | T13 | T29 | T25 | T30 & T23 | T39 & (T20 | T12),T14.M274|T20.M488,1
673,(T24 | T8 | T4 | T5),T8.M146|T24.M470,1
674,(T2 | (T20 | T14)) | T17 & (T19 & (T11 & T21)),T20.M488,1
675,(T21 | (T14 & T25)) | T11 | T26 & T5,T21.M460|T26.M561,1
676,(T19 | T31) | T0 & T31 | T39 & (T10 | T21),T0.M97,1
677,(T1 | T5) | T12 | (T14 | T9 | T19),T14.M259|T12.M249,1
678,(T14 | T26 | (T26 | T33 | T31)) & T14 & (T35 & T39 & T16),T31.M696,1
679,T12 & T23 | T14 & T29 & T8 | (T2 & T11) | T16 & T34 | T3,T14.M267,1
680,T23 & T24 & T10 & T3 | T37 & T0 & T30 & T25 & T32 | T36 & T27 & T15,T0.M3|T24.M465,1
681,T31 | T32 | T26 | T25 | (T22 | T39) & (T34 & T18) & T21 | T37 | T39,T26.M561,1
682,T19 & T14 | T38 & T17 | T32 | T36,T17.M315,1
683,(T20 | T31) | T13 & T25 & T32 | T21,T25.M575|T32.M698|T31.M698,1
684,(T33 | T6 | T29 | (T34 & T35)) & T21 & T28 | T16 & (T36 & T23 & T20 & T3),T20.M488|T34.M696,1
685,(T31 | T22 & T24 | (T5 | T10) & T28 & T33),T33.M652,1
686,(T4 | T34 | T11 | T0 & (T36 | T21 | (T19 & T20 | T29))),T4.M11,1
687,T21 | T34 | T23 | T28,T23.M499|T21.M462,1
688,((T19 | T33) & T16 | T15 | T20),T19.M368,1
689,(T37 | (T17 & T28)) | ((T31 & T25) | T13) & T9 | T33,T28.M575,1
690,((T8 & T18) | T31 & T5 | (T35 | T6) & (T9 | T14 | T17 | T1)),T8.M146,1
691,(T37 | T5) | T7 & T4 & (T20 | T37) | T4 & T16 | T15 & T16,T16.M399,1
692,(T1 | T37 | T11 & T33 | T0),T0.M32,1
693,(T31 | T10) & T9 | T6,T31.M698,1
694,(T23 & T19) | T3 & T4,T4.M28,1
695,T35 | T8 | T22 | T5 | T4,T8.M167,1
696,T22 | T8 & T21 | T11,T22.M438|T21.M447,1
697,(T39 | T18) | (T0 | T29),T39.M716,1
698,T6 | T35 | T33 | T4 & T23 & T23 & T7,T4.M17,1
699,(T30 | T20 | T23 & T18),T23.M461,1
700,(T7 & T15 | T22 & T16),T15.M335|T16.M335,1
701,(T38 & T12 | T12) & T17 | T36 | T9 | T3,T38.M793,1
702,((T4 & (T10 & T35) & T30) | (T14 | (T39 & T17) | T22)),T10.M249|T14.M241|T22.M438,1
703,(T7 | (T36 | T15)) | T20,T20.M488,1
704,(T24 | T31) | T6 | T9,T24.M497|T31.M698,1
705,T39 | T34 | (T0 | T6) | T14,T14.M278,1
706,((T2 | T29) | T13) | T12 | T2 | T39 | T11 | T30 & T34 | T18 & T20 | T38 | (T24 | T6),T20.M488|T39.M723,1
707,(T6 | T38) | T30 | T8,T8.M160,1
708,(T34 & T4 | T28) | T13 | T28 | ((T13 | T35 & T39) | (T7 | T24)),T28.M555|T39.M723,1
709,(T5 | T40 & (T42 | T67) | T35 | T43 & T35),T5.M9|T35.M366,1
710,T5 | T10 | T42 & T62 | T73,T5.M6|T62.M633,1
711,((T40 & T65 | T24 | T64 & T73 & T69) & (((T55 & T11 & T2) | T34) & T8 | T60)),T69.M628,1
712,T70 & T66 | T51 | T5 & (T77 & T58),T58.M555|T77.M762,1
713,T64 & T11 & T56 & T57 | ((T53 | T4) | T9 & T34 | (T78 & T45)),T53.M559|T78.M773,1
714,(T57 | T73 | T58 & (T56 & T31) & T29) | (T51 & T5 & T44) | T65,T58.M559|T73.M725,1
715,((T48 | T69) | T47 | T20),T69.M628,1
716,(T3 | T31 | T35 & T28) & T25 | T16 & T34,T28.M291|T35.M339|T31.M339,1
717,T44 & T24 | (T37 | (T58 | T1)),T37.M361,1
718,((T18 | T8) & (T72 | T6) & T24 | T7 | T28),T6.M3,1
719,(T3 & (T25 | T4 & T10) & (T44 | T8 & T50 & T60 & T29)) | T19 | T64 | T30 | T40,T64.M694,1
720,(T54 & T3) & T36 & (T48 | T14 & T12 & (T37 & T64)),T14.M185|T12.M185|T37.M354,1
721,(T41 | T48 & T76),T48.M449,1
722,(T34 | T16 & T22 | T25 | T21 | (T70 | T39)) & (T68 | T52 & T29) & T49 | T42,T34.M315|T42.M467,1
723,T32 | T32 | T52 | T28,T52.M573,1
724,(T78 | T62 | T1 & (T7 | T66)),T1.M48|T66.M622,1
725,T29 | T69 | T15 | T14,T14.M143,1
726,(T64 & T31 | T7 & T52) & T54 | T79 & T37 | T19,T31.M382,1
727,((T18 | T45 & T45) | T6 & T24 | T40 & (T37 & T3)),T6.M1,1
728,(T62 | (T29 | T34) & T70 & T49 | T12 & T75 | T72 & T23),T62.M653,1
729,(T50 & T37 & T33 & T24 | (T32 | T17) & T47),T33.M345|T37.M345|T32.M345,1
730,T40 | T7 | T49,T40.M419,1
731,T9 | (T6 & T9) | T5 & T73 | T74 | (T29 & T55),T9.M15|T73.M763|T74.M777,1
732,T41 | T66 & T43 & T66 | T41 | T48 & T77,T48.M405,1
733,(T17 & T50 | T1 & T57 | (T55 | T30 | T42 | T14 | T74)),T50.M535|T57.M536|T74.M734,1
734,(T31 & (T20 & T15) & (T7 | T43 | T1 & T49)),T49.M462,1
735,T31 | T62 & T20 | T60 & (T26 | T37 & T11 & (T10 | T18)),T18.M181|T37.M379|T62.M641,1
736,((T67 & T73) & (T63 & T11)),T63.M696|T67.M696,1
737,T61 & T63 | T67 | (T19 | T67) | ((T40 | T44 & T6) & T43 & T49),T19.M159,1
738,(T64 | T74 & T10 & (T72 & T12) | T73),T10.M143|T74.M733,1
739,T0 & T67 & (T49 & T51) | T7 & T73 & T47 & (T49 | T50),T0.M5|T50.M550,1
740,(T14 & T79 & T33 & T74 | T28) & T63 | (T4 & T21 & T73) | T33 | T69 & T43,T28.M227,1
741,(T65 & T47) | T72 | T41 | T2,T47.M406,1
742,T60 & T12 & T56 | T52 | T54 | T54 & T63,T52.M511,1
743,(T2 | T68 | T30 | T39 & T34),T30.M369|T34.M369|T39.M345|T68.M643,1
744,T33 | T21 | T23 | T27 | (T18 & T36 | T3 | T59 | T11),T18.M129|T33.M356,1
745,T0 & T32 & T49 & T78 | T70 & T62 | T41 & T46,T46.M478|T70.M707,1
746,(T62 & T5) & T44 & T68,T62.M663,1
747,T71 & T50 | T2 | (T36 & T47) | T67 & T72,T72.M769,1
748,(T70 & T59 & T68 & (T44 | T76 | T60)),T60.M665,1
749,((T6 | T41) | T59 & T28 & (T51 | T46)) | (T58 | T16 & T22) & (T48 & T40 & T31) & T39 | T10 & (T55 & T64) & T63 & (T60 & T74),T16.M190,1
750,T70 & T65 | T42 | T22 & T9 & T5,T9.M23,1
751,T43 | T1 & T8 & T35,T1.M63,1
752,T16 & (T9 & T14 | T46) & T45 | T52,T14.M175|T46.M478,1
753,(T41 & T1 & (T6 | (T57 | T49))) & T71 & (T6 | T21 | T63),T6.M3|T49.M474,1
754,T19 | (T78 & T65 | T25) | T45 & T64 | T79 & (T31 | T72 & T53),T19.M196|T64.M646,1
755,T72 & T37 | T5 | T21 | T74,T74.M777,1
756,T25 | T22 & T22 | T49 & T48 | T72 & T4 | T29 | T48 & T11,T72.M768,1
757,T37 | T46 | T40 & T56,T46.M496,1
758,T15 | (T67 | T27),T67.M674,1
759,(T19 | T14 & T29 | T69 | T53),T14.M185,1
760,((T70 | T19 | T47) | T9 & T56),T9.M26,1
761,(T61 | T48 & T38 | T40),T48.M496,1
762,T8 | (T47 | T19 & T6) | T21,T19.M119,1
763,T26 | T73 & T76 & T77 & T2 & ((T33 | T3) | T79) | ((T59 & T40) | T0 & T20) & T7,T0.M5|T2.M5|T73.M730,1
764,((T79 | T62 | (T71 | T50)) & ((T15 & T10) & T3)),T71.M701,1
765,T64 | T70 | T25,T25.M259,1
766,T18 & T73 & T38 | ((T18 | T48) | (T73 | T18) & T6),T48.M410,1
767,(T29 & (T49 & T34) & T71 & (T69 & T72 | T21) & T33 & (T50 | T44)),T21.M268,1
768,((T45 & T16 & (T49 | T31) & T42) & T58 | (T34 | T31 | T20) & T73),T31.M371|T49.M479,1
769,(T51 | T0 | T51 | T41 & (T68 & (T15 & T52)) | (T16 | T17)) | T33,T17.M129,1
770,(T14 | T32 | T41 & T22 | T37),T37.M354,1
771,((T26 | T0) | T60) | T56 & T32,T26.M248,1
772,T43 | (T11 | T16 | T26 & T33) & T32 & (T12 | T25) | T72 & T24,T26.M274,1
773,T74 | T41 | T61 | T31 | (T48 | T65) & (T23 & T1 & T31),T23.M246,1
774,((T71 | T39) | T68 | T66 & T73 | T68 | T40 | T76 | T72 & T4 | T78 & T62 | T12),T71.M740,1
775,T9 | T27 & T25 | (T10 | T46) | (T76 & T60) | (T78 | T13) & T53,T10.M143|T27.M243|T78.M761,1
776,((T69 & T68) | T64) | T64 & T73 & T33 & T13 & T3,T68.M603,1
777,((T65 | T42) | T16) | T0,T65.M692,1
778,T42 & T28 | (T45 | T78 | T16),T45.M410|T42.M405,1
779,T39 | T67 | T69 | T28,T69.M628|T67.M623,1
780,(T20 & T23 | T2 & T28) | T17,T20.M266|T28.M266|T23.M266,1
781,T56 | (T71 & (T36 | T62 | (T1 & T30))),T30.M354,1
782,(T70 & T69 | T23 | T71),T70.M707,1
783,((T26 & (T30 & T13) & T22 | T11) | T42),T26.M230,1
784,T67 | T71 & T47 | T12 | T13 | T14,T14.M111,1
785,(T78 & T27) | T24 | T75,T78.M746,1
786,T31 | T63 | T54 & T47 | T10,T31.M342,1
787,(T20 | (T53 | (T53 | T54))),T20.M280|T53.M559,1
788,T17 & T59 | ((T56 | (T11 & T56) | T70) | T35),T17.M122,1
789,((T12 | T25) & T28 | T18 | T27) & T50,T28.M283|T27.M283,1
790,(T22 | T47) | T39 | (T64 | T54) | T57,T57.M536|T54.M503,1
791,T40 & T52 & (T78 & T46) | T61 | T20 | T32,T40.M437,1
792,((T11 | T53) & T58 & T54),T53.M575,1
793,T77 | T40 | T21 & T33 | T33 & T53 & (T57 | T51),T53.M572|T51.M572,1
794,(T72 | T78) & (T70 | T21 | T60) & T46,T70.M707,1
795,(((T36 | T31) | T68 & T35 | (T44 | T34) | T26) & T59),T35.M371|T34.M363|T68.M603,1
796,((T17 & T66) | T8 | (T1 | T61 | T23)),T66.M638,1
797,(T29 | T50 | T59 | T76),T50.M529,1
798,((T33 | T37) | T72 & T52 & T2 & T54),T54.M588,1
799,T58 & T48 & T7 | T1 & T10 & T55 | ((T76 | T28) & T42 & T55 | T25 | T34),T28.M274|T48.M483|T58.M542,1
800,(T67 & T17 | T66 & T48 | T77) | (T48 | T8) & T67 | T19 & T18 & T13,T18.M129|T48.M494,1
801,T14 & (T66 | T8) | (T26 & T39) | T21 & T63,T66.M680,1
802,T10 | T74 | T36,T36.M341,1
803,((T79 & T6 & T39) | T33 & T13 & T9 | (T15 & T66)),T9.M50,1
804,T21 | (T23 | T32 | T1) & T22 | T34,T23.M246|T32.M339,1
805,(T30 & T45 | (T53 & T61)) & T6 & T74 & T77 & T47 & T23 & T56 | (T6 & T70),T74.M740,1
806,T28 & T59 & T21 | T41 | T13 & T78 | (T25 | T63) & T43,T43.M478,1
807,((T54 & T52 | T15) & (T66 | T60 & ((T31 & T32) & T72))),T32.M316|T60.M689,1
808,T77 & T13 | T4 & T74 & T79 | T15 & T31,T74.M762|T77.M762,1
809,T2 | T34 | T10 & T37 | (T3 | T7 & T44 | T77 & T57),T37.M345|T77.M762,1
810,T46 & T43 | T40 | T64 & T4 & T44 | T24 & T38 & T47,T40.M437,1
811,T47 | T27 | T8 | T34 | (T24 & T67) & T67,T27.M293,1
812,(T76 | T24) | ((T8 & T68) | (T65 | T43) & (T8 & T28)),T65.M646|T68.M646,1
813,T32 | T32 | T77 | (T55 | T39 & T77),T39.M354|T32.M318|T77.M783,1
814,T32 | T76 | T50 | T10 & T16 | T63 & T23 & T29 & T52,T16.M172,1
815,(T59 & (T46 | T22) | T33) | T33 & T54 | (T38 & T49 | T55 & T71),T49.M472|T54.M535,1
816,((T41 | T7) & T29 | T8),T7.M27,1
817,T56 | T27 & T0 | T32 | (T40 & T68) & T26,T26.M298,1
818,T21 | T70 | T40 & T25,T21.M237,1
819,(T35 & T45 & T70 | (T10 & T50 & T13)) & (T11 & (T64 & (T78 & T71))),T70.M707,1
820,(T63 | T64 | T6 | T4 | T75 | T10 | T3 & T30),T6.M3,1
821,(T49 | T28 | T68) | T13 & T25 | T77,T25.M218|T49.M413|T68.M668,1
822,T16 | ((T10 & T12) | T19) & (T0 | T15) | T4,T19.M1516,1
823,T13 | ((T5 & T9 | (T14 | T3)) & T0),T3.M216,1
824,T16 | T9 | T7 | (T18 | T4 | T18 | T13 & T18),T13.M869,1
825,((T6 | T3) | T5 & T3) & T6 & T12 | T17 | T19,T3.M275|T5.M255,1
826,(T0 | (T7 | T11) | T18 | T14 | T11 | T13),T13.M869|T18.M1595,1
827,T7 | T2 & T16 | T4 | T7 | T4 & T17 | T13,T13.M869|T16.M1229,1
828,((T1 | T12 | T8 & T1 & T1) & T14 | T5 & T2 & T6),T1.M151,1
829,(T10 | T15 | T10 & (T16 & T14)) & T7 & T17 & T18 & T13 | T2 | T19,T10.M689|T16.M1203,1
830,(T15 | T12 & T17 | T15 | T2 | T9 & T13 & T12 | T18 & T9 | T8),T13.M869|T15.M1045|T18.M1595,1
831,(T16 | T0) | T10 & (T5 | T18),T0.M2,1
832,(T5 | T0 | T12 & T0 | T4 & T0),T4.M322,1
833,T7 | T15 & T17 | T12 | T7,T15.M1082,1
834,(T11 & T19 & T4 | ((T15 | T3 & T2) | T12)),T3.M216|T12.M834,1
835,T5 | (T17 & T3) & T8 | T3 & T12 | (T10 & T14),T3.M334,1
836,T3 | T8 | T15,T3.M283,1
837,(T19 | T18 | T16 | (T3 | T16 & T9)),T3.M369|T18.M1583,1
838,(T14 | T8 & T9 | T7) | T8 | T0,T9.M676|T14.M1021,1
839,T13 & (T14 | T17 | T12 & T13 | T14 | T10),T12.M969|T14.M1191,1
840,(T7 & T5 | (T3 | T5)),T3.M283,1
841,((T3 | T2) & (T15 | T11)) | T13 | T5 | T4,T15.M1122,1
842,T0 & T14 & T1 | T16 & T8 & ((T12 | T15 | T1) & T8 | T8),T15.M1189,1
843,T6 | T5 | T19 | T4,T4.M322,1
844,(T13 | T0 | T14 | T7 | (T2 | (T12 & T11))),T13.M869|T14.M1190,1
845,(T16 & T8 | T5 | T19),T16.M1219,1
846,T10 & T10 | T6 | (T12 & T12) | (T10 & T10 | T12) | (T14 | T1),T14.M1190,1
847,(T17 | T2 | T10 | T3),T3.M367|T17.M1398,1
848,(T16 | T18 | T4) | (T14 & T5 & T18) & T14 & T18 | (T5 | T16),T4.M322|T5.M377|T14.M1172,1
849,(T16 | T11 | T4 & T11 & T13 & T18) | T15,T11.M698|T13.M816|T16.M1230,1
850,((T3 | T11 & T2) | T2 & T4),T3.M283,1
851,T18 & (T2 | T2 | T10 | T0) | T6,T2.M115|T0.M43,1
852,T12 | T17 | (T6 | T11),T11.M698,1
853,T7 & T7 & T10 & T19 | T13 | T12,T10.M784,1
854,(T10 & T12 | T19 | T4 | T10),T19.M1563,1
855,T0 & ((T14 | T15 & T19) | T7),T15.M1188,1
856,(T14 | (T8 & T15 & T2)),T15.M1104,1
857,T3 | T7 | T6 | T17 & T16,T3.M220|T16.M1249,1
858,T18 | T14 & T3 | T13 & T13 | T19 | T18,T3.M369|T19.M1423|T18.M1547,1
859,(T2 | T14) & T0 & T3 & T17 & T4 & T1 | (T16 | T13) | T0,T0.M162|T13.M978|T16.M1219,1
860,(((T8 & T8) & T10) & T12 | (T0 & T9) & T4 & (T11 & T9) | (T5 & T18 | T0)),T11.M769,1
861,T16 & T12 | T9 | T14 | T8,T16.M1347,1
862,(T18 | T4 & T2) & T4 | T8,T18.M1547,1
863,(T3 | T9 & T3 | T12 & T11 | T0 & T2 & T13),T0.M162|T2.M194,1
864,(T7 | T11 & T1) | T5 | T10 | T15,T15.M1182,1
865,T19 | T3 | T3 & T9 | ((T9 & T10) | T8),T3.M258|T9.M728,1
866,((T14 & T9) & T17) & (T17 & T18) | T14 | T5 | T7 | T2,T5.M314|T18.M1595,1
867,T0 & T14 | T3 & T5 | T12 & (T12 & T17) | T0,T14.M1133,1
868,T14 & (T15 | T5) & (T4 | T8),T15.M1104,1
869,((T10 | T0 | T15) & T10 & T6 | T9 | T3 | T11 & (T16 | T13 & T3)),T6.M488|T10.M635,1
870,T12 & T4 | T17 & T18 | T0 | T19,T18.M1547,1
871,T13 & ((T0 | T4) | T14 | T12 | T13),T12.M991,1
872,T16 & T9 & ((T10 & T15) | T6 & T11) & T18 | T12 & T4 | T2,T11.M769,1
873,(T12 | (T1 | T5) | T19) & T16 | T0,T5.M314,1
874,T7 | (T17 | T13) & T11 | T12 & (T11 & T7) | T9,T11.M740|T13.M816|T12.M897,1
875,T17 | T1 & T2 | (T7 & T17 | T12) | T15,T2.M140|T1.M26|T12.M928,1
876,(T0 | T14 & T1 | T1 | (T11 & T1)),T0.M2|T14.M1021,1
877,(T15 | (T16 & T10)) | T11 | T18 | T9,T18.M1595,1
878,T3 & T1 | T19 | (T9 | T16),T16.M1219|T19.M1516,1
879,(T14 | T18 | T2 | T19 | T7),T18.M1583|T19.M1423,1
880,(T8 | T0) | T4 & T13 | T0 & T1,T1.M111|T13.M808,1
881,T9 | T18 & T15 | T6 & (T13 | (T2 | T2)) | (T12 | T19) | T12,T13.M869,1
882,T2 | T19 | T17 | T1,T1.M41,1
883,(T14 | T14 & (T10 | T13)) & T15 | T12 | T6,T13.M869,1
884,T18 & T9 | (T3 | T1 & T18 | T10 & T10),T9.M728,1
885,(T16 | T8 | T7),T16.M1290,1
886,T19 | T16 & T11 & T12 & T7 | T6 | T0,T7.M410|T11.M717|T16.M1249,1
887,((T14 | T7 & T6) & T5 | (T7 | T6 & T19) | (T15 & T10)),T5.M328,1
888,((T0 & T13 & (T17 & T7)) | (T7 | T4 | T15) | T10),T13.M869,1
889,(T15 | T16 | (T6 & T2)) & T7 | T18,T2.M115|T6.M500,1
890,((T5 | (T5 & T4 | T0 & T13) & T14) | T7 | T14),T5.M327|T13.M816|T14.M1083,1
891,T0 | (T11 | T19),T0.M2,1
892,((T14 & T17) & T12 & T2 | T6 | T18) | T16 | T1,T18.M1595,1
893,(T18 & T19 | T4 & T9 & (T5 | T2 | T5 | T14)),T5.M314,1
894,(T13 | T10) | T5 & T19 | (T9 | T2) | T3 | T2 | T2,T19.M1456,1
895,T10 & T10 & T18 | T17 | T1 | T9 | T0,T9.M728|T18.M1595,1
896,(T6 | T17 & T1 & T5 | (T0 | (T14 & T9)) | T17),T14.M1026,1
897,(T3 & T5 | T12 & T18) | T4 | T3 & T10 | T5 & T0 & T7 & (T1 & T12) | T0,T18.M1595,1
898,T9 & (T6 | T19) | T7 & T13 | (T18 & T3 | T11 & T12 | (T19 | T6) | (T10 & T3)),T13.M869,1
899,(T18 | T18) | T17 | T13,T13.M923,1
900,((T11 & T2 & T4 | T0) | (T10 & T12 & T6)) | T2 | T4 | T3 & T19 & T9 | T13 | T12,T3.M369|T13.M988,1
901,(T10 | T12 & (T19 & T16) & T17 & T18 & T3) & T14 & T18,T16.M1208,1
902,T13 & T11 | T5 | T19 & T16 | T6 & T4 | T15 & T15 | T7,T13.M923,1
903,(T13 | T3 | T15 | T11 & T18 | T7 & T15),T3.M216|T13.M858|T15.M1042|T18.M1482,1
904,(T12 | (T3 | T11 & T5 | T3 & T18)),T18.M1553,1
905,(T1 | T5 | T11 | ((T15 & T15 | T1 | T13 | T9) | (T8 & T4) & T17 | T12)),T11.M722|T13.M869,1
906,T12 | T15 | T3 & T15 | T19 | T2,T3.M296|T15.M1103,1
907,T16 | T2 | T5 & T0 | T7 & T13,T0.M32|T5.M327|T13.M869,1
908,T8 & T6 & T15 | T9 & T0 | T11 | T5 | T12,T11.M716|T15.M1179,1
909,(T14 & T15 | T16 | T17 & T0) | T15 & T6 | T4 & T18 | (T6 | T15),T18.M1595,1
910,(T18 & T19 | T11) | T3 & T4 | T18 | T1 & T16,T3.M232|T18.M1554,1
911,(T9 | T11) | (T19 | T15),T15.M1194|T19.M1563,1
912,T14 | T11 & T11 | T8 | (T13 & T19) | T14 & T8 & T17,T8.M405|T13.M869|T14.M1133,1
913,T10 | T3 & T4 | T1 | (T7 & T2 & T4 | T14),T3.M369|T14.M1190,1
914,(T13 | (T8 | T3)) & (T3 | T8) | T18 | (T14 & (T4 | T2) | T3 | T5),T18.M1595,1
915,(T5 & T6 | T4 & T0 | T2 & (T18 & T17 | T19 | T19 & T1)),T5.M314,1
916,T15 | T5 | (T17 | T13) | T10,T10.M656|T13.M869,1
917,(T4 | T8 & T11 & T13 | T5) | T7 | T2 & (T17 & T10) | T12,T13.M869,1
918,T4 | T5 | (T19 | (T10 | T0)),T5.M298|T4.M322,1
919,T8 | T14 & T5 | (T3 | T6) | T16 | T4 | ((T18 & T5 | T15) & T15 | T6 & T16),T18.M1595,1
920,(T4 & T0 & T7 & T15 | T7 & T5 | T12 | (T10 & T7) | T12),T5.M225|T12.M930|T15.M1179,1
921,T17 | (T18 | T3 & T14 & T12 | T2) | T16,T14.M1066|T18.M1595,1
922,((T9 & (T12 & T16 | T18)) | ((T7 & T7) | T12 & T17) & T19 | T0 & T6 & T18 | T13),T16.M1208,1
923,T2 | T7 | T13 & T10 | (T4 | T5) | T2,T13.M963,1
924,T14 | T0 | T3 & T8,T0.M2,1
925,((T18 | T2 | T1) | T11 & T18 | T19),T2.M140|T1.M26|T18.M1547,1
926,T19 & T27 | (T37 & T1),T27.M1188,1
927,T11 | T1 | (T9 | T32 | T18),T9.M291,1
928,((T5 | T39 & T26 | T36) | (T28 & T24) & T35 & T35),T39.M1591,1
929,T26 & T4 & T30 | T15 | T13 | T38,T15.M665,1
930,T7 | T2 | T33 | T32 | T36 & (T39 & T11),T36.M1491|T39.M1423,1
931,((T6 & T29) | (T15 | T39) | T23 | T13 | ((T13 & T15) | T21 & T21 | T39)),T39.M1423,1
932,T17 | T3 | T28 & (T23 | T11 & (T19 & T18 | T22)),T11.M580,1
933,T27 | T6 & T14 | T5 | T29 | T20 & T34 & T1 | T6,T34.M1220,1
934,T24 | T20 | T17,T17.M737,1
935,T33 & T21 | T39 & T3 & T30 | T26 | T9 | T36 & (T0 | T34 | T9),T34.M1325|T30.M1261|T39.M1514,1
936,(T12 | T5) | T38 & (T12 | T24) | T38 | T4,T24.M964,1
937,(T20 | T34) & T30 & T18,T34.M1398,1
938,(T31 & T0 | T33 & T2 & T32 | T25 | T6),T0.M31|T2.M30|T6.M306|T32.M1332,1
939,(T10 | T22) & (T15 & T28) | T13 | T22 & (T18 | T6) | T22,T15.M607,1
940,(T1 | T7 & T16 | T9 | T5),T5.M250,1
941,((T1 & T35 | T29) & T31 | T25 | T6 & T1 | T27),T1.M197|T25.M1027,1
942,T38 & T1 | T35 & T2 & T22 & (T30 & T26 | T25 & T31) | (T26 & (T0 | T13 | T14)),T0.M99|T25.M1173,1
943,(T22 & T39) | T17 | T20 | T11,T11.M457,1
944,(T11 | T34) | T18 & T24 | T28,T34.M1326,1
945,(T32 | T5) & T18 & T28 | T33 | T13 & T6 | T0,T13.M594|T33.M1275,1
946,(T4 | T11 | (T8 | T0)),T0.M133|T4.M160,1
947,((T35 | T2) | T37),T2.M74,1
948,T24 | (T20 | T2) & (T28 & T13 & (T34 & T27 & T0) & T26),T2.M75|T27.M1101,1
949,(T30 | T36 | (T4 & T34) | T34 & T34 | T20 & T33 | T28),T36.M1523,1
950,T1 | T29 & T34 & T39 | T18 | T24 | T33,T39.M1423,1
951,(T24 & T6) | (T34 & T26 & T3 | T14 | T35),T14.M451,1
952,T39 & T15 | T1 | T28 & T16 & T30,T39.M1591,1
953,T13 | (T26 & T9 & T33 | T22 | T31 & T15),T33.M1275,1
954,(T5 & T9 | T39 | (T21 & T6 | T26)),T6.M276,1
955,T22 & T25 | T29 & T33 & T1 & T32,T29.M1084|T25.M1084|T33.M1275,1
956,(((T36 & T20) | T35) | T26 | T5),T36.M1417,1
957,(T19 & T28) | T33 & T22 | (T13 & T15),T15.M653|T19.M653,1
958,T24 | T29 & T31 & T29 & (T18 | T31 | T15),T15.M773,1
959,(T7 & T35 & T12 | T33 & T32),T33.M1275,1
960,(T24 | T26 & (T33 | T36) | T25) & T35 | T9,T25.M1032,1
961,(T18 | T39) | (T1 | T35) | T36,T36.M1435|T39.M1423,1
962,(T30 | T3) & T27 & T20 & T12 | (T39 & T1 & T24) & T25,T25.M1084|T27.M1084,1
963,((T4 | T23 & T34 | T28 & T15 & T37) | T22),T37.M1486,1
964,(T37 & T5 & (T22 & T8 | T13)),T8.M279,1
965,T11 & T32 | T21 | T34 | T38 | T15,T32.M1332,1
966,T39 & (T0 | T9) | T30 & (T17 & T29) | T9,T0.M145,1
967,((T5 & T19) & T1 & T22 & T15 | T2 | T28 & T14 | T24 & T26 & T5 | T0),T19.M721|T15.M721|T28.M1115|T26.M1115,1
968,(T6 & T39 | ((T32 & T1) | T26 | T11 & T11)),T39.M1409,1
969,T26 & T24 | T3 | T11 | T18 & T17 | T9 & T6 & T34 | T2 & T17 & T16 | T20,T34.M1220,1
970,T15 | ((T26 | T8) & T24 | T23 | T28) | T5 | T29 & T21 | (T7 | T38),T24.M964|T38.M1418,1
971,T24 & T17 & T15 & T29 | (T35 & T18) & T25 | (T32 & T1) | T0,T1.M109|T25.M1032|T29.M1044,1
972,(T31 | (T1 | T22) | T28 & T14 | T17 & T1 | T35),T35.M1499,1
973,T32 | (T35 | T11),T35.M1516,1
974,T30 & T29 & T27 & (T4 & ((T26 & T2) | T0)),T0.M185|T29.M1084|T27.M1084,1
975,(T23 & T2 & T21 | (T11 & (T10 & T11) & (T32 | T26 & T2 & T24 | T1))),T1.M99,1
976,T9 & T3 | T28 | (T10 | (T23 & T4)) | T29,T4.M45|T29.M1146,1
977,T28 | T12 & T6 | (T2 & T12) | T30,T12.M482|T28.M1157|T30.M1235,1
978,((T7 | T35 | T19) | T37),T35.M1585|T37.M1564,1
979,T23 | (T35 & T37) | T33 & T38 & T13 & T17 & T36 & T25 | (T10 & T12 & T31) & T8 | T12,T23.M904|T25.M1092|T38.M1409,1
980,((T26 | T28) & (T20 & T31) | T14 & (T22 | T35) & T29),T29.M1084|T28.M1084,1
981,((T22 & T14 & T2) | (T30 & T14)) | (((T4 & T11) | T24 | T16 & T10) | ((T12 & T7) | T27 & T2)),T24.M964|T30.M1257,1
982,(T18 | T28 | T37),T18.M617,1
983,(T0 | T27 | T33 & T32 & T20 | T8),T0.M39,1
984,T32 & T28 & T25 | T29 & T1,T25.M1068,1
985,(T15 & T2) | T21 | (T0 | T18) | T23 & T34,T0.M64,1
986,T20 | T17 & (T28 & T19) | T17 | T1 & (T34 & T39 | T15 | T33),T17.M638|T20.M953|T39.M1455,1
987,(T19 | T15 | (T23 & T26 & T29)) | (T36 | T25 & T26),T36.M1523,1
988,T10 | T2 & (T20 & T19) | T22 | T18 | T35,T19.M767|T35.M1412,1
989,(T32 | T12) & T23 | T30 & T8 & T1 & T0 | T36,T0.M145|T1.M145,1
990,(T12 | T17) | T13 & T37 | T3,T13.M590|T17.M704,1
991,(T23 & T26 & T4) & T37 | (T18 | T34 | T27) & (T18 & T26),T27.M1173,1
992,(T27 & T28 | T24 | T35) | T14 | T0 & T29 | T5,T35.M1412,1
993,((T28 | (T3 & T38)) | T31 | T3),T28.M1157|T31.M1259,1
994,(T8 | T12 | T2 & T16 | T21 & T17 | (T0 | T18 & T12 & T16 | T24)),T24.M855,1
995,(T2 & T9 & (T31 & T24) & (T12 | T11 | T7)),T7.M376,1
996,T38 | T3 | T39,T39.M1596,1
997,(T29 & T14 & T11) | (T32 & T39 | T37),T14.M569|T11.M569,1
998,T22 & T25 | T5 | (T27 | T31),T5.M388|T25.M1031,1
999,(T12 | T34 | T36 & T4 | T23 | T1 & T22 & T2),T34.M1380,1
1000,(T20 | T13 | T3) | T2 & (T5 | T8 & T36 & T3),T8.M277|T36.M1534,1
1001,T37 | T35 & T34 & ((T20 & T1 | T21) & (T30 & T24 | T12 | T14)),T12.M550,1
1002,(T3 | T33) & (T32 & T35) | T31,T33.M1293,1
1003,(T7 & T37 | T0) & T4 & T28 & (T23 & T17) | T12,T0.M195,1
1004,(T31 | T32) & T39 & (T28 & T21) | T15 & T8 | (T9 & ((T0 & T1) & T24)) | T31,T0.M145|T32.M1332,1
1005,((T0 | T3 & T25) | (T3 | T28)),T3.M15|T28.M1136,1
1006,(T39 & T24 | T30 & T10 | T10),T39.M1591,1
1007,(T28 | T29 | T19 | T11 | T31),T29.M1122|T28.M1197|T31.M1377,1
1008,T35 | ((T11 & T3) | T34) & T2 | T34 | T31 & T3 & T29 & T20 & T7,T31.M1209,1
1009,((T0 | T13) & (T21 & T13) | T23 | T21),T0.M180,1
1010,((T29 & T30) | T32 & T4),T30.M1274|T32.M1274,1
1011,(((T38 | T16) | T14 & T39) & (T30 | T3 | T11)),T39.M1591,1
1012,((T14 | T25 & T4 & T23 | T11) & (T13 | T6) | T27 & T6 & T7 | T10 & (T5 | T10)),T4.M160|T7.M206|T14.M569|T11.M569|T25.M1118,1
1013,T13 | T2 | T18 | T2 | T30,T30.M1257,1
1014,(T8 | T4 | T29 | T1) | T15 & (T23 & T33) & (T6 & T36) | T39 | T24 | (T17 & T3) | T31 | T30 & T11,T24.M964|T39.M1409,1
1015,T10 & T1 & T7 & T5,T5.M202,1
1016,T9 | T3 & T34 | ((T9 | T5) & T3) & (T23 | T27 | T37) & T31 & T17 | (T25 & T16 | T21 & T31),T9.M254|T34.M1376,1
1017,T15 | T37 | T22 & (T31 | T12) & T6 & T10 & T38 | T6,T10.M594,1
1018,(T35 | T5 | T31),T5.M398,1
1019,T15 | T1 | T10 | T20 & T2 & T1,T2.M123|T15.M689,1
1020,T0 & T8 | (T10 & T3) | T7,T0.M40,1
1021,T31 & T15 | T18 & T19,T19.M653|T15.M653,1
1022,(T32 | (T0 | T9 & T11 & T25 | T11 & T33) | T2 & T36 | T22 & T27 & (T0 & T26 & T35)),T0.M115|T11.M580|T27.M1118|T25.M1118,1
1023,T28 | T5 | T37,T5.M398,1
1024,T10 | T37 | T17 | T9,T9.M291,1
1025,((T20 | T5) & T36 & T18 | (T27 & T27) | T4 | T8 | T8),T36.M1523,1
1026,(T29 | T34 & (T2 | T38)) & (T0 | T36 | (T31 & T18)),T34.M1398,1
1027,T38 | (T30 | T35),T35.M1516,1
1028,(T9 | T24 | T24 | T32 & T16 | T24),T32.M1389,1
1029,T16 | T32 | T28 | T39 | T17 | T16,T16.M643|T17.M684|T39.M1423,1
1030,T30 | T24 & T18 & T16 & T39 & (T34 & T29) | T26 & T2,T29.M1084|T34.M1398,1
1031,(T30 | (T26 & T2 | (T27 | T7))) | T19,T26.M1072|T30.M1257,1
1032,((T5 & (T30 | T39 | T4)) | (T11 | T12) & T32 | T14 & T24 | T16 | T12 | T36),T30.M1201|T39.M1409,1
1033,(T23 & T12) | T34 & T1 | T35 & T10 | ((T38 | T38) & T35 | T32),T1.M41|T12.M510|T34.M1398,1
1034,(T24 | (T0 & T14)) | T28 | T1 | T28 | T14,T0.M64|T1.M36|T24.M964,1
1035,(T23 | T3 | T12 | T11 & T21 | T13 & T13 & T20),T23.M943,1
1036,(T9 & T26 & (T8 & T1 | T35) | ((T38 | T33 | T25) & (T38 & T37))),T25.M1173,1
1037,(T22 & T32 | T20 & (T0 & T31) & T26 & T16 | T11 & (T13 & T14)),T31.M1275,1
1038,((T18 & T32 & T12) & ((T36 & T39 | T4) & T12 & T18)),T39.M1470,1
1039,T29 | T34 | T7,T34.M1326,1
1040,T16 | T37 | T30 | T39 & T15 & T1,T39.M1423,1
1041,(T26 | T31 | T33) & T15 & (T20 & T25 & T21) & T21 | T17,T33.M1281,1
1042,T14 | (T3 & T19) & (T16 | T37 | T12 & T5),T12.M531|T19.M677,1
1043,T5 | (T2 | (T32 | T26 | T27)),T2.M30|T27.M1122|T26.M1164,1
1044,(T38 & T2 | T29 | T18 & T15 & (T23 & T0) & T38),T18.M630,1
1045,T17 & (T20 | T16 | T8) | T31,T20.M833,1
1046,((T24 | T25 & T10) | T22 | T22),T25.M1164,1
1047,T77 & (T54 | T56) & (T59 | T51) & T11,T59.M1021,1
1048,(T66 | T0) | T33 | T61,T61.M1333,1
1049,(T43 & T71 | T18 | (T4 & T4 | T37)),T37.M622|T43.M883|T71.M1468,1
1050,(T46 | T76 | T61 | T19),T19.M290|T61.M1258,1
1051,T24 & T21 | T44,T24.M595,1
1052,T70 | T7 | (T65 | T70),T7.M179,1
1053,T33 | T54 | T44 & (T48 & T23) | T17 & T40 & T57 & T4,T40.M885,1
1054,((T1 & (T51 | T3)) & T13 | (T44 | T29 | (T63 | T13)) | T78 & T59 | T13 | T51 | T65 | T74),T78.M1493,1
1055,T33 | T64 | T67,T64.M1240|T67.M1240,1
1056,T6 & T6 | (T24 | T53) & T45 | (T58 & T27) | T38,T27.M517|T38.M641,1
1057,(T57 & T11 | T64 & T61) | T13 | T73 | (T17 & T72 & T1) | T14 | T38 & T54,T73.M1550,1
1058,T62 | T70 & T69 | T7 & T35 & T30 & T19 | T33,T30.M626,1
1059,((T28 | T60) | T63 & T16) | T41 | T54,T16.M215|T60.M1333|T63.M1353,1
1060,T18 & ((T29 | T12) | T54 & T22),T29.M412,1
1061,T38 | T52 & T4 & T73 | (T33 & T53 & T2) & (T5 | T64 & T29 & (T9 & T11) & T17),T9.M101,1
1062,(T36 | T43 | (T24 | T66 | T31)),T36.M667|T66.M1250,1
1063,T73 | T4 | T7,T7.M14,1
1064,((T11 | T7) | T78 & T44 & (T14 & T34 | T44 & T18) & T51 | (T75 & T50) | T38),T78.M1493|T75.M1577,1
1065,(T42 | T20 & T67 | T44),T42.M897,1
1066,(T4 | T16 | (T10 | T53) & T47 & T20 | T56 & T33 | T38 & T51),T4.M155,1
1067,(T22 & T79 & T28) | T53 & T7 & (T6 & T13),T6.M187,1
1068,T52 | T2 & T50 & T51 | T18 | T14 | T36,T51.M1170|T52.M1152,1
1069,((T58 | T49 & T11) | (T79 & T51 & (T61 | (T32 | T68) & (T65 & T63)))),T68.M1388,1
1070,T40 | T25 | T64 | T62 | T69 | T2 | (T14 | T62) | T40,T62.M1333|T64.M1346|T69.M1216,1
1071,(T20 | T40 | T21),T20.M528,1
1072,(T20 | T52 | T23 | T66 | (T72 | T68)),T23.M426|T66.M1292|T72.M1540,1
1073,T30 | T69 | (T34 | T18) | T64 & T23,T69.M1370,1
1074,T34 & T12 & (T49 & T28) | T21,T28.M539|T21.M539,1
1075,T18 | T28 | (T25 & T70) & T48,T28.M586|T25.M586,1
1076,(T39 & T33 | T22 | T54) | T51 | T8 & T55 | (T11 | T29 | T78),T78.M1415,1
1077,((T55 | T3) | T8 | T48 | T73),T8.M183,1
1078,T41 & T75 | T20 | (T23 | T64) & T24 & T79 & T23 | T45,T20.M494,1
1079,(T23 | T3) | T49 | T15,T3.M52,1
1080,T53 | T75 & (T76 & T51) & T52 | T7 | T22 | T71 & T15 & T5,T53.M1115,1
1081,T57 | (T53 | T39 | T61 | T64),T53.M1025|T64.M1397,1
1082,(T34 | T54 & T9 | (T53 | T42 | T42) | (T50 | T47) | T68 & T54),T68.M1392,1
1083,(T16 & T49) | T3 & T18 | T42,T42.M897|T49.M897,1
1084,T78 | T76 | T63,T78.M1421|T76.M1421,1
1085,T39 | T47 | T13 | T65 & (T41 & T5 & T60),T60.M1353|T65.M1207,1
1086,((T62 | T8) | (T71 & T9)),T9.M158,1
1087,(T27 & T15 | T19) | T30 | T33,T30.M626|T33.M631,1
1088,(T74 | T35 | T29 & T0 | (T21 | T49) & T36 | T56),T35.M669|T49.M944,1
1089,T60 & T32 | (T58 & T9) & T78 | T72 | T65,T65.M1207,1
1090,((T18 & T6 | T79) | (T44 | T36)),T18.M299,1
1091,T33 | T44 | T55 & ((T8 & (T78 | T36) & (T25 & T64)) & T24),T24.M548|T36.M678,1
1092,T74 | (T40 | T24),T24.M431,1
1093,(T33 | (T4 & T30) | T60 | T9 | T45),T4.M124|T9.M124|T30.M626,1
1094,T33 & T13 & T38,T38.M678,1
1095,((T71 & T46) & T75 | (T10 | T69 | T31)),T75.M1402,1
1096,(T63 | T79) | T5 | T5 | T78 | T64 | T4 & T36,T78.M1493,1
1097,(T75 | T51 | T41),T41.M915,1
1098,(T40 | T48 | T24),T40.M855,1
1099,T69 | T7 | T43 | ((T18 | T68 & T20 | T17) & T67 & T57),T43.M883,1
1100,T39 | T31 | T77 & T20 | T23 | T35 & T40 | T78 | T69,T31.M722,1
1101,T36 | T30 & T68 | (T66 & T76 & (T47 & T36) & T40) & T76 | T41 | (T52 & T56) & (T78 | T43),T36.M725|T43.M956|T76.M1444|T78.M1567,1
1102,T47 | T49 | (T47 & T19 | (T43 | T25)) | (T27 & T7),T25.M483|T43.M828,1
1103,(T32 & (T26 | T31) & (T38 | (T74 & T43)) | T29),T38.M792,1
1104,(T72 & T2) | T65 | T29 | T59 & (T9 | T15),T2.M10|T9.M101|T65.M1207,1
1105,T42 | T5 | T16 & (T3 & T69) | T24,T16.M386|T42.M863,1
1106,(T15 | T2) | T1,T1.M148,1
1107,((T44 | T66 | T57) | T14 | (T28 | (T56 | T23 & T0))),T66.M1396,1
1108,T8 | T26 & T53 | (T5 | T42) | (T32 & T24 | T47 & T79),T26.M556,1
1109,(T65 | (T40 | T51) & T59 & T71) & (T60 | T21) | T72 & T37 | T69 & T29,T51.M1170|T69.M1207|T65.M1207|T71.M1532|T72.M1532,1
1110,T65 | (T64 | (T45 | T23)),T64.M1353|T65.M1207,1
1111,T33 | (T72 | T49 | T14) & T54 & T54,T14.M296|T54.M1162,1
1112,T22 & T62 & T11 & T60 & T44 | (T64 & T51),T62.M1279|T60.M1279,1
1113,(T16 & T11 & (T43 | T47 & T26) & T7 & T41) | (T48 & T28) & T33 & (T49 | T35),T16.M366|T35.M644|T33.M644|T49.M831,1
1114,(((T60 & T13 & T38) | T50 | T75) | T33),T38.M639,1
1115,T62 & ((T17 | T3) | T68) & (T44 | T40) & T65 | T15 | T69 | T1,T69.M1216,1
1116,T21 | T17 | T23,T23.M434,1
1117,(T65 | T30) & (T23 & T67 & T62 & T60),T65.M1231,1
1118,T7 | T4 & T35 | T32,T4.M183,1
1119,T53 & (T37 & T51 | (T54 | T38 & T58)),T51.M1173,1
1120,(T9 | T76 & T57) | (T40 | T44 & T6 | T34),T34.M752|T40.M984,1
1121,(T33 | T35 & (T16 & T55)),T33.M644|T35.M644,1
1122,((T19 & T27 & T27) | T68 & T11 & T26),T11.M387|T19.M387,1
1123,((T45 & T71 | (T20 | T62)) & T52) & T65 & T37 | T7 & T55 | T54 & T67 | T65,T7.M183,1
1124,T55 & T23 & T77 & T2 | T55 & ((T49 | T41) | T21 & T69),T21.M546|T49.M892,1
1125,T12 | T6 & (T32 & T26) | T44 | T44,T6.M160,1
1126,T0 | T48 | (T76 | T54 | T52),T76.M1449,1
1127,((T61 & T37) | T31 | (T25 | T59)) & T44 | T57,T37.M625,1
1128,T10 | (T22 | T48) | T19 & T37 & (T73 | T66),T10.M233,1
1129,(T54 & T66 | T21 & T9 | T18 | T34 | T53),T18.M299|T66.M1396,1
1130,(T78 | T51 & T40 | T41 | T49 & T7),T78.M1415,1
1131,T58 | T6 | T53 | T22 & T38,T53.M1186,1
1132,((T49 & (T27 & T3)) & T57 & T42 | T4),T42.M897|T49.M897,1
1133,T78 | T0 & T56 & T40 & T33 | T22 | T31,T33.M694,1
1134,(T40 | T45 & T23 | (T29 | T3)),T23.M584|T45.M940,1
1135,(T47 | T11) | T13 & T36 | T39,T11.M206|T36.M664,1
1136,T44 | T66 | T60 & T50,T60.M1208,1
1137,T10 & T12 & (T25 & T2) | T29 & (T10 | T19) | T37,T29.M483|T25.M483,1
1138,T65 | T41 | T31 | (T67 & T28),T67.M1216,1
1139,((T16 & T62 & T0 | T32) & T0 & T59 | T16) | T25 & T64 | T44 | T6 | T69 & T53,T16.M355|T44.M821|T59.M1111,1
1140,T52 | T56,T56.M1175,1
1141,((T40 & T53 | T5) | (T5 | T8) | T16),T5.M57|T16.M373|T40.M941,1
1142,(T79 | T13 & T74) | T41 & T77 & (T26 | T72 & T35),T72.M1470,1
1143,T47 | T4 & (T1 & (T40 | T36)) | T60 & T43 | T24,T24.M430|T40.M983,1
1144,T25 & (T62 & T36) & (T56 | (T48 | T63)) & T70 & T36 | T74 | T52,T70.M1489,1
1145,(T38 & T12 | T43) & T33 & (T25 | T32),T38.M678,1
1146,T78 & T76 | T74,T76.M1516,1
1147,T42 & T75 & T53 & T38 | (T61 & T3) & (T73 | T15 & ((T57 | T10) | T13 & T4) | (T62 & T46)),T4.M156|T62.M1261,1
1148,T33 | T30 | T34,T30.M744|T33.M744,1
1149,((T38 & T64) | T61 | T68 & T62 | T56 | T11 & T13 & T40),T11.M273|T38.M637,1
1150,(T51 & T55) | T76 | T63 | (T36 | T29 & T43),T29.M584|T55.M1029|T76.M1419,1
1151,(T32 & T27 | ((T56 | T21) | T30) | T69),T69.M1370,1
1152,T12 | T16 | (T10 | T11),T10.M203|T12.M203,1
1153,(T66 & ((T12 | (T2 | T15)) | T0)),T12.M399,1
1154,T66 & T64 & T48 | T24 | T79 & T10 & T54 | (T14 & T36) & T49,T64.M1298,1
1155,T67 | T55 | T50 | T60 | T76,T50.M1074|T60.M1238|T76.M1449,1
1156,T79 | (T2 & T8 & T5 & T23),T8.M133,1
1157,(((T54 | T52) | (T21 & T42)) | T31 | T59),T59.M1139,1
1158,T9 | (T67 | T58) | T27 | T42 | (T42 & T65),T65.M1376,1
1159,(T13 & T43) & T12 | T63 | T41,T43.M822,1
1160,(T7 | T64) | (T74 & T11 | T79) | T42 & T39 | T65,T74.M1449,1
1161,(T45 | T11 | T47 & (T13 | (T12 | T59) | T8 | T63)),T13.M361,1
1162,T71 & T47 | T46 | T6,T6.M58,1
1163,T4 | ((T3 | T70) | T18),T3.M148,1
1164,(T27 | (T48 | T51 | T59) | (T53 | T28)),T59.M1139,1
1165,(T59 | T0 | ((T69 | T70 & T77) & T62 & T9 & T27)) & T37 & T26 & T79 & T6 | T16,T62.M1341|T69.M1341|T77.M1402,1
1166,T50 | T44 | T62 | T56,T56.M1170,1
1167,((T7 & T23 | T26) | T20 & T1 | T8 | (T11 | T16 | T35) & T27 & T15 & T9 & T17 & T39 & T3),T1.M127|T15.M795|T16.M795|T20.M843|T27.M1101|T35.M1470|T39.M1409,1
1168,T25 | T27 & T34 & T9 | T4 | T24 & T37 | T29 & T0 & (T36 | T19),T9.M368|T37.M1487,1
1169,(T33 & T7) & (T19 & T32),T33.M1275,1
1170,(T12 | T33) & T20 | T16 | T35 | ((T4 & T39) & T17) | T27,T39.M1423,1
1171,T10 & T1 | T23 & T1 | T27 & T4 & T24 | T37 | T27 | (T27 | T13 | T18 & T17 | T22),T24.M964|T37.M1519,1
1172,(T19 | T16) | T12,T19.M677,1
1173,(T14 | T39 & T14 | T15 & T25 | (T9 | T30 | T12)),T14.M423|T39.M1423,1
1174,T30 & T27 & (T9 & T25),T25.M1084|T27.M1084,1
1175,T32 & T30 | T13 | T1 & T19 & T9,T32.M1274|T30.M1274,1
1176,T5 | T10 & T15 & T9 | T9 | T39,T9.M368|T15.M754|T39.M1591,1
1177,((T15 | T15 | (T16 | T18 & T32)) | T7) | (T29 | T24 & T8 | (T4 & T30)),T30.M1201,1
1178,(T4 | T3) | T16 | T23 & T31 | T18,T16.M724|T31.M1377,1
1179,((T20 | T29) | T34 | T32 | T36) & T21,T32.M1332|T36.M1523,1
1180,T37 | T20 | T39 | T24 | T23,T20.M858|T37.M1491|T39.M1514,1
1181,(T34 | T7) | T27 & T4 & T31,T34.M1326,1
1182,T37 | T7 | T31 & T13 | T28,T31.M1289,1
1183,T36 | T22 | T20 & T15 | T21,T15.M653|T20.M843,1
1184,T4 & (T2 & T15) | T18 | T29,T15.M769,1
1185,((T23 | T30) | T32 | T29),T29.M1053|T32.M1292,1
1186,(T36 & T26) & (T19 | T15),T15.M696,1
1187,(T15 | T26 & T1 & T34) & (T24 | T24 & T29) & T39 | T20 | T33 & T13 | T21,T39.M1423,1
1188,T39 & (T31 & T28) & T34,T34.M1398,1
1189,(T29 | T21 | T11 & T8 | T29 & ((T11 & T19) & T26 | ((T15 | T7) | T30 & T10))),T11.M565|T29.M1165,1
1190,T17 | (T10 | T15 | T0 & T1),T0.M64,1
1191,((T21 & T15 | (T35 | T12)) | T30 & T14),T14.M423|T12.M491,1
1192,((T11 | T18 & T38) & (T15 | T29) & T25),T18.M630,1
1193,(T4 & T3 & T25 | T8 | T3 | T31 | T36 | T15),T36.M1523,1
1194,(T16 | T10) | T16 | T33,T33.M1308,1
1195,(T21 | T21 | T18 | T10 & (T14 & T30)),T14.M476|T18.M617|T21.M911|T30.M1291,1
1196,T9 | T15 & T39 & T6,T6.M368|T9.M368,1
1197,(T12 | (T5 & T38 | T13)) | T24 & T18,T12.M599,1
1198,(T38 & (T14 | T36 | T9)) | T24 & T25 | T39 & T9 | T10 & T9 & T31 & T4 | T4 | T5,T39.M1409,1
1199,T16 | T2 | T28 | T4 | T1 & T35 & T22 | T36 & T24 | T25 | T3,T24.M964|T36.M1424,1
1200,(T17 & T29 & T5 | T19 | T11 & T9 & T18 | T8),T18.M748,1
1201,(T27 | (T9 | (T32 & T14 | T38 & T9))),T9.M291|T38.M1591,1
1202,T9 & (T28 | T34) | T36 | T28 | T7 | T33,T36.M1523,1
1203,T27 | T22 & T1 & T22 & T3 & T23 | T25 | T33,T25.M1038,1
1204,T9 & T15 & T25 & T37 | T6,T9.M287,1
1205,(T37 & T39 | T29 & (T15 & (T37 & T23))) | ((T32 & T19 | (T34 | T4)) & T2),T39.M1401|T37.M1401,1
1206,(T15 & T6 & T10 & (T38 & T28) & (T23 & T27 | T19 | T7 & T29)),T7.M326|T27.M1113,1
1207,T29 | T28 | T2 | T0 & T36 & T30,T0.M175|T2.M30|T29.M1085,1
1208,T13 & T33 | T12 & T0 | ((T1 & T17) & (T15 & T33)),T1.M109,1
1209,T19 | T2 | T20 | (T15 & T7),T2.M24|T15.M643,1
1210,(T4 | T13 | T37 | T36) & T27,T37.M1486,1
1211,((T15 | T33 | T2 | T8) & T13 & T17 | T13) & T17 | T32 & (T34 | T32),T15.M773|T33.M1285,1
1212,(T30 | T38 | (T38 & T10) | T19 & T4),T30.M1327,1
1213,((T4 & (T0 | T10)) | T11 & T12 & T7),T11.M439,1
1214,(T3 | T39 | T7 & T22 & T23 | (T4 | T12 & T39)),T4.M45|T12.M551|T39.M1494,1
1215,(T23 | T23 | T5) | T8 & T18,T8.M297|T5.M398,1
1216,T15 | T20 | T18 | T24 | T14 & (T18 | T22),T15.M724|T24.M855,1
1217,T24 | (T21 | T10) | T16 | T35 | T20,T35.M1412,1
1218,((T25 & ((T32 & T23) | T14)) & T1 & T29 | T20),T23.M846|T25.M1084|T29.M1084,1
1219,T35 & T26 & T39 | T24 | (T8 | T3 & (T34 | T7)) | T3 & T20 & T7 | T28 | T19 & T10 | T22 | (T39 & T28),T3.M169|T7.M345|T39.M1409,1
1220,(T29 | T23) & T4 | T1,T29.M1165,1
1221,(T29 | T17 | T5 | T1 & T11),T11.M439,1
1222,(T28 | T5 | T2 | T11),T11.M468,1
1223,(T22 | T37) | T30 | T21,T21.M951|T30.M1327|T37.M1429,1
1224,(T18 & T39 & T34 | (T22 & T15 | (T3 | T0))),T0.M115,1
1225,T31 | T30 & (T10 | T1) | (T36 | T34 & T16 & T24),T1.M127|T34.M1291|T31.M1394,1
1226,T15 & T25 & T26 | T37 | T23,T26.M1199,1
1227,(((T37 & T24) & T18 | T22 | (T6 & (T21 & T1))) | T8),T18.M617,1
1228,(T23 | T15 | T0 | T27 | T10 & T36) & (T10 | T36 | T14 | T36),T0.M52|T10.M421,1
1229,(T25 | T38 & T37) & T10,T38.M1456,1
1230,T9 & T27 & T19 | (T38 & T39 & (T23 | T21)) & T7,T39.M1591|T38.M1591,1
1231,((T24 | T0) | T35 | T36) | T6 | T3 | T13,T36.M1435,1
1232,((T17 & T25 & T2) | (T0 | T3) & (T25 & T9)) & ((T25 & T4 & T37) | (T7 & T8)) & T11 | T27 & T7,T0.M72|T2.M72|T25.M1188|T27.M1188,1
1233,T31 | (T28 | T2 | T35),T35.M1412,1
1234,(T14 | T24 | T39 | T16 & T17 | T20 & T1),T39.M1423,1
1235,(T8 | T35 & (T21 | T24)) | (T3 | T24 | T32) & T0 | (T5 & T4),T4.M119|T24.M870,1
1236,T5 | T28 & T10 | T37 | T9 | ((T14 | T20) & T22 | T23 | T21 | T18),T37.M1519,1
1237,((T9 & T18 & T9 | T18) & (T28 & T30 & T21) | T14) | T11 | T33,T11.M457|T14.M427,1
1238,T39 & T2 & T19 & T2 | (T34 | T12 | T5),T12.M442|T34.M1309|T39.M1409,1
1239,((T33 | T36 | T6 | T36) & T15) | T17,T6.M319,1
1240,(T39 | T18 & T38 | T26),T39.M1591,1
1241,(T10 | T3 | T39 | T7 | T2) & T8,T39.M1591,1
1242,(T10 | T34 & T21) | (T19 | (T34 | T13 & T4)),T19.M627|T34.M1376,1
1243,((T24 | T37 | T16 & T17) & T39 & T21 | T37 | (T31 & T24 | T10 | T11)),T24.M843|T39.M1423,1
1244,T35 & (T0 & T26) | T17 | T10 & T36 | T8 | T1 | T26 & T17 | T37 | T1,T37.M1564,1
1245,T26 & T27 | T4,T27.M1084,1
1246,T33 & (T33 & T29 & T4) & T3,T4.M28,1
1247,((T25 & T20) & T15) & (T12 | T25 | T34 & T24 | T0),T24.M402,1
1248,T27 & (T28 | T16),T28.M567,1
1249,T5 & T13 & T14 | T29 | T16 | T27,T29.M548,1
1250,(T23 & (T15 | T32 & T12) | ((T33 & T9 & T39) & T14)),T14.M211,1
1251,(T35 & T0 & (T12 | T5) & T5 | T27 | T2 | T14),T0.M66,1
1252,((T16 | T25 & T19) | T22 | T15 & T6) & (T17 & (T11 & T26 | T27 | T9)),T16.M343|T25.M584,1
1253,T1 & T13 & T32 & T31 & (T23 & (T34 | T23) | T21),T34.M622,1
1254,(T22 & (T27 | T26)) & T17 | T7 | T15 | T38 & T38,T17.M315,1
1255,T18 | T19 & (T16 & T15 | T13 | T13) | T11 | T13 | T36 & T16 & T6 & T24 & T28 & T18 | T33,T6.M163|T15.M341|T24.M435|T28.M575,1
1256,(T25 | T21 & T39 | T20 | T2 | T4 & (T20 | T16 & T13) & T0),T2.M73|T25.M590,1
1257,(T6 & T19 & T8) & T28,T6.M194,1
1258,T35 | ((T25 | T32 & T17) | T11) & T33 | T35,T25.M575,1
1259,((T6 | T18 | T24) | T30 & T22 & T16 | T5) & T31 & T29 & T17 | T12 & T36 | ((T29 & T26) | T39),T17.M315|T24.M444|T36.M706,1
1260,T32 | T38 & T27 | T24 | (T2 & T6 & T32 & T34 & T30) | (T0 & (T1 & T19)),T0.M25|T32.M672,1
1261,T14 & T34 | T22 | T2 | T23 | T29 & T6,T23.M407|T22.M456|T34.M680,1
1262,T20 & T2 | (T1 | T31 & T37 | T21),T20.M488,1
1263,((T28 & T13) & (T2 | T11 | T11 | T19)) & T14 | T31 & T38 | T21 | (T18 & T35 | T22),T2.M3|T11.M214|T14.M267,1
1264,(T7 & T25 | T28 | T27 & T34 | T17 & T28 | T5 & (T23 & T38 & T1) | T14),T34.M671,1
1265,T30 | T29 & (T20 | T32),T32.M659,1
1266,T29 | T6 | T17 | (T9 & T18),T29.M542,1
1267,T4 & T7 | T35 | T11 | T20,T20.M488,1
1268,(T39 | T16) | T5 & T15 & (T34 & T38 | T4 & T5 | T36 | T27),T15.M335|T16.M335|T38.M761,1
1269,T34 & T26 | (T14 | T26 | T32 & T16),T34.M622,1
1270,(T29 | (T31 | T11) | (T28 | T1 & T8)),T28.M555|T29.M577,1
1271,(T0 | T12 | T26) | T3 & T12 | T28 | T25 | T3,T26.M561,1
1272,(T13 & T11 & T8) | T33 | (T9 | T32 & T15 | T27),T15.M394,1
1273,T29 & T19 | (T36 | T34 & T36) | T23 & T10 | T39 | T33,T34.M671|T39.M796,1
1274,(T33 & T19 & T27 | T34 | T4 | T27 & T18 | T15),T18.M340|T15.M341,1
1275,(T20 & T34 & T0 | T36 | (T31 | T10) | T16 & T39),T0.M67,1
1276,((T36 & T38) | T16 & (T10 & T3 | T29 | T34) | T23) & (T16 | T39 & T2 | T0 | T37),T2.M31|T39.M777,1
1277,T19 | T17 | T14 | T6 & T23 & T9 | T39,T14.M201|T17.M398,1
1278,T2 | T15 | T13,T15.M312,1
1279,T25 & T22 & T26 | T16 | T9 & T24,T24.M488,1
1280,T19 & T30 | (T8 | (T32 | T18) | T35),T19.M330,1
1281,(T2 | T20 | T22 & T13 | T28),T20.M488|T28.M549,1
1282,(T20 | T17 | (T3 | T22)) & T27 | T31 | T31,T20.M488|T27.M542,1
1283,(T4 | T16) | T6 | T9,T9.M603,1
1284,(T9 | (T18 | T2) & T17 | T0 | T17 & T13 | T14 & T15 & T6),T18.M1535,1
1285,(T0 | (T1 | T1) & T11 | T18),T1.M80,1
1286,(T4 & (T19 & T12) | T8 & T17 & T4 | (T15 & T1 | T18 & T5 & T12)),T5.M314,1
1287,(T16 | T17 | T4),T16.M1219,1
1288,((T19 | T3) & T1 & T13 & T18) & (T2 | (T15 | T6) & T1 | T16 | T7 & (T19 | T12 | T1)),T12.M818,1
1289,(T12 | (T1 & T1 | T14)),T14.M1034,1
1290,T19 | T11 | T0,T0.M2,1
1291,T17 & T17 | T13 & T0 | T6 | T3 & T17,T0.M115|T3.M216,1
1292,(T6 | T11 | T6) | T18,T18.M1595,1
1293,((T6 & T5 | T15 | T12) | T5),T5.M327|T12.M910|T15.M1121,1
1294,(T12 | T17 | T10 & T11 | (T0 | T0 | T17)) & T17 | (T8 | T12 & T10),T11.M722,1
1295,((T2 | T15) & T18 & T5) & T4 & T17,T5.M314,1
1296,(T5 | T14 & T4) | (T8 & T1 | T17 & T4),T4.M378,1
1297,T17 & T15 | T4 & T12 & (T8 & T18) & T3 | (T6 | T13) & T9 & T1 & T5,T5.M314|T3.M314,1
1298,(T11 & (T8 & T5) | T5 | (T0 & T8) | (T14 & (T13 | T11)) | T19),T13.M816|T14.M1083,1
1299,(T10 | T13 | T6 | T12),T12.M824|T13.M963,1
1300,T0 | T11 & T13 | T16 | T2 & T2 & T11 & T9,T9.M713|T16.M1326,1
1301,(T18 | T6 | (T8 | T14)) & T7 & T17 | ((T5 | T0 | T7) & T4 | (T14 & T0 & T9)),T5.M268|T8.M483,1
1302,(T6 & T5) | T2 | T2 | (T14 & T10) | T17,T2.M115|T5.M314,1
1303,(T12 | T5 | T9) | T4,T4.M296|T12.M834,1
1304,T74 & (T59 & T58 | T39) & T4 & T37 & (T11 & T74 & (T8 & T68)),T58.M571,1
1305,(T20 & T29 & T59 | T78 & (T35 | (T21 & T29 | T35))),T21.M268,1
1306,(T36 | T56 | T48 & T31),T31.M309,1
1307,T71 | T31 & T5 | T4 | T57 & (T60 & T32),T4.M5,1
1308,((T50 & T42) | T41) | (T37 | T40 | T77) & T43 & (T0 | T34),T37.M371,1
1309,T10 | T66 | T49 | T39,T39.M348,1
1310,(T33 & T77 & T41 | T41 & T8 & T27 & T48 & (T4 | (T72 | T53)) & T51),T4.M3|T48.M478|T53.M538|T72.M789,1
1311,T50 & T6 | T6 | T20 | T18 & (T23 | T38 | T68) | T16 | T43,T18.M129|T23.M218,1
1312,(T26 & T12 & T39 | T75) | T54 & T28 | ((T43 & T5 | T11) & T23 | (T74 | T43 & T22)),T26.M243|T74.M777,1
1313,(T76 | (T54 & T45)) | ((T28 | (T4 & T32)) | T79) & T22,T28.M230,1
1314,(T79 | (T22 & T28) | T25),T28.M291,1
1315,T61 & T34 & T3 & T57 & T35,T35.M339,1
1316,T35 | T40 | T30 | T49,T40.M437|T49.M414,1
1317,(T3 | T71) & T8 | T5,T3.M69,1
1318,T61 & T49 | T45 & T39 | T63 & (T37 & T28),T63.M658,1
1319,(T27 | T26 | (T53 | T61) | T44),T27.M242,1
1320,T36 & T41 | T53 | (T23 | T60) & T45 | T26 & T32 | T11,T23.M218,1
1321,((T7 & T0 | T0) | (T46 & T35) & T17) | T19 | T41 & T5,T5.M34,1
1322,(T64 & T45) & T11 & T19 & T66 & T11,T19.M173,1
1323,T5 & (T2 | T41 & T26 | T35) | T71 & T75 & T15 | T11 | T46 | T12,T5.M14,1
1324,((T4 | (T53 | T8)) & T6 | T45 | (T42 & T49)) & T29 | T37 | T77 & T50 & T32 | T75 & T64,T6.M3|T4.M3|T32.M382|T42.M476,1
1325,(T37 & T17 & T19 & T49) | (T56 | T21 & T20) | T51 | T12,T12.M185|T20.M218,1
1326,((T41 & (T48 | T22) | T6) & (T27 & T72 | T0)),T22.M298,1
1327,(T72 | (T49 | T48 | T61 | T19 | T65) & (T13 | T54 & T61)),T19.M134,1
1328,(T7 | (T8 & T1 & T29)),T7.M63|T1.M63,1
1329,((T71 | T74) | T62 | T57) & T5,T62.M633|T74.M791,1
1330,T27 & T52 | T7 & T52 | T10 | T63 | T64 | (T72 | T21) & T30,T10.M184,1
1331,T65 | T6 | (T33 | T5),T65.M692,1
1332,T57 | T56 & (T34 & (T55 & T35)),T35.M339,1
1333,T15 | T8 | T20 | T55 & T2 & T54,T20.M280|T54.M503,1
1334,T33 | (T71 | (T2 | T1 | T35 & T74)),T71.M775|T74.M735,1
1335,T38 & T39 | (T36 | T53) | ((T11 | T1) & T21 | T79 | T24),T39.M345|T36.M310,1
1336,(T6 | T4 & T2 | (T15 | T19 & T15 & T6)) & (T3 & T18 & T4),T19.M1562,1
1337,(T15 & T9 | T8 & T13 | T17 | T10),T15.M1194|T17.M1398,1
1338,(T8 | T7 & T11 & T14 | T4 | T14 | T4),T11.M698,1
1339,(T19 & T12 & T0 | T19) | T17 & T4 & T15 | T13,T15.M1022,1
1340,(T18 | T19 | T12 | T5),T5.M262|T18.M1583|T19.M1423,1
1341,T14 & T12 | T8 & T18 | T1 & T15,T15.M1104,1
1342,((T4 | T19 & T19 | T18) | T14) & (T11 | T17 & T18) & (T15 & T18),T14.M1153,1
1343,T3 | T18 | (T19 | T15 | T14),T15.M1179|T18.M1471|T19.M1456,1
1344,T5 | T6 | T16 | (T18 | T4 & T0),T5.M275|T18.M1595,1
1345,T2 | T8 & (T0 & T5 & T15) & (T4 & (T3 | T2)),T5.M314|T3.M314,1
1346,(T12 & T4 & (T16 & (T16 & T9)) | ((T5 | T15) & T16 | T10)),T5.M314,1
1347,T2 & T8 & T18 | (T1 | T2 | T9),T8.M483|T18.M1409,1
1348,((T10 & T4 | T6 & T2 & T0) & T1 | T4) | (T14 | T0 & T17 & T2 & T4 & T12 & T3),T3.M216,1
1349,((T15 | T9) | T10) | T10 | T7,T9.M615,1
1350,T14 | T10 | T8 | T13,T13.M953|T14.M1034,1
1351,T0 & T14 | T6 & (T11 | T4) | T3,T3.M283,1
1352,(T10 | (T1 | T5 | T13) | (T13 | T14) & T6),T13.M834|T14.M1190,1
1353,T18 | (T10 & T14) & T10 & (T11 | T16) | T2 & T15,T14.M1159|T15.M1159,1
1354,(((T29 | T17 | T6) & T17 | T15 | T20 & T25 & T28) & T18 | T20 & T29 & T35),T15.M675|T25.M1068,1
1355,T16 | T20 & T16 & T9 | T27 | T2,T9.M209|T20.M883,1
1356,T30 | T22 | T12 & T21 & (T10 & T5 | T22 | T25),T5.M277,1
1357,(((T23 | T13) | T22) | T38 | T7),T23.M959,1
1358,(T25 | T17 | T7 | T15 | T7 & T33 & T31),T25.M1044|T31.M1207|T33.M1308,1
1359,(((T25 & T29 & T8) | T34 & T21) & (T29 & T20 & T3)),T25.M1068,1
1360,(T33 & T3 | T19 & T15),T19.M653|T15.M653,1
1361,(T11 & (T35 | T33 & T3 & T7 & (T2 | T37))),T2.M4,1
1362,(T7 | T31) | T21 | T30,T21.M920|T30.M1325|T31.M1394,1
1363,(T3 | T34 | (T31 | T18)),T18.M617|T31.M1307|T34.M1250,1
1364,(T25 & (T35 | T5)) & (T25 | T6 | (T12 | T38)) | T13,T38.M1508,1
1365,T14 & T19 & T34 | T30 & T28,T34.M1398,1
1366,T1 & (T23 | T4 & T20 | T3 | T3) | T20,T3.M73|T4.M63,1
1367,T20 | T36 | T5 & T11 & T6 & T38,T38.M1475,1
1368,T38 | T31 & (T9 & T35) & ((T35 & T9) & T13) | T1 & (T29 | T12) & T30,T12.M556,1
1369,((T9 | T28) | T13 & T25 | T34 & T19 | T11 | T7),T34.M1220,1
1370,T1 | T24 | T21 | T39,T24.M843|T21.M818|T39.M1423,1
1371,T7 & T35 | (T20 | T27 & T0 | T13),T20.M953,1
1372,T23 & T1 & T8 & T5 | T15 & T0 | T18 & T4 & (T12 | T36),T18.M630,1
1373,(T16 & T9) | T34 | T34 | T31 | T3 | T25,T31.M1209,1
1374,(T22 & T14 & T39 & T18 | T34 & T18 | T6) | (T14 | T19 | T7 & T15 | T39),T39.M1423,1
1375,(T20 & T15) | T29 & (T9 | T30) & T3 & (T18 & T31 & T37 & T31 & T3),T18.M630|T30.M1332,1
1376,T29 & T22 & T38 | T39,T38.M1591|T39.M1591,1
1377,((T7 | T17 | T32) | T30 | T34),T30.M1235,1
1378,(T31 & T25) & (T34 & T13) | T13 | T26 | T12,T25.M1032,1
1379,T35 | T27 | T8 | T22 | (T39 & T4),T39.M1423,1
1380,T15 | T2 | T28 & T27,T28.M1171,1
1381,((((T31 & T7) & T14) & (T11 & T1)) | T7 | T26) & T8 & T37,T14.M504,1
1382,(T33 | T1 & T10 & T27 | T36) & T4 | T21 & T20 & T27,T1.M54,1
1383,T22 | T24 | T4 | T4 | T24 & T33 & T1 | (T21 | T31),T24.M964|T31.M1207|T33.M1308,1
1384,(T20 & T7) | T33 | T26 | T38 & T37,T20.M999,1
1385,(T1 | T16 | T9 | T5),T5.M307|T16.M670,1
1386,(T38 & T28 & T1 | T16 | T25 & T26 & T5 & ((T29 & T15) | T25)),T25.M1084|T29.M1084,1
1387,T19 | T24 | (T14 | T28) | T17 & ((T27 & T24) & T20 & T26 & T19 & T25 | T28),T28.M1074,1
1388,T39 | T8 | T16 | T20,T39.M1423,1
1389,(((T22 | T10) & T18) | T24 & T25 | T30 | T28 & T28),T24.M944,1
1390,(T16 & T30 & T1) & T32,T30.M1274|T32.M1274,1
1391,(T25 | (T31 | T38) | T24 & T31 | T22),T24.M964|T25.M1071|T38.M1593,1
1392,(T18 | T27 | T7 | T30) | ((T28 & T0 | T6) & T19 & T27 & T6) & T23,T30.M1257,1
1393,((T33 | T32) | T6) & (T37 & T30 | T5),T6.M237|T32.M1274|T33.M1274|T30.M1274,1
1394,T9 | ((T29 & T11) | T36 | T24) | (T5 | ((T38 | T38) | T2)),T36.M1435,1
