experiment,workflow,startedAt,finishedAt,duration,resourcesDuration_cpu,resourcesDuration_memory
script_opt_3_overlap_cost_50,sqlflow-g2slk,2021-06-30T11:32:04Z,2021-06-30T11:34:50Z,166,309.0,309.0
script_opt_3_overlap_cost_50,sqlflow-8tdxm,2021-06-30T11:29:52Z,2021-06-30T11:30:02Z,10,1.0,1.0
script_opt_3_overlap_cost_50,sqlflow-bq4zw,2021-06-30T11:30:04Z,2021-06-30T11:32:11Z,127,230.0,230.0
script_opt_3_overlap_cost_50,sqlflow-6m5xx,2021-06-30T11:34:43Z,2021-06-30T11:35:16Z,33,43.0,43.0
script_opt_3_overlap_cost_50,sqlflow-xjzd8,2021-06-30T11:29:57Z,2021-06-30T11:30:07Z,10,2.0,2.0
script_base_0_overlap_cost_150,sqlflow-49qkx,2021-06-30T14:59:10Z,2021-06-30T15:02:08Z,178,330.0,330.0
script_base_0_overlap_cost_150,sqlflow-tssq5,2021-06-30T15:05:44Z,2021-06-30T15:13:29Z,465,906.0,906.0
script_base_0_overlap_cost_150,sqlflow-hdtkh,2021-06-30T14:59:04Z,2021-06-30T14:59:14Z,10,3.0,3.0
script_base_0_overlap_cost_150,sqlflow-tclpd,2021-06-30T15:13:22Z,2021-06-30T15:13:58Z,36,44.0,44.0
script_base_0_overlap_cost_150,sqlflow-cckxv,2021-06-30T15:02:03Z,2021-06-30T15:05:26Z,203,375.0,375.0
script_base_0_overlap_cost_150,sqlflow-lqnj8,2021-06-30T14:58:55Z,2021-06-30T14:59:05Z,10,6.0,6.0
script_base_0_overlap_cost_150,sqlflow-kr6lz,2021-06-30T15:05:19Z,2021-06-30T15:05:52Z,33,43.0,43.0
script_opt_6_order_cost_150,sqlflow-5xh88,2021-06-30T20:45:24Z,2021-06-30T20:45:34Z,10,1.0,1.0
script_opt_6_order_cost_150,sqlflow-nkxc2,2021-06-30T20:59:55Z,2021-06-30T21:00:38Z,43,65.0,65.0
script_opt_6_order_cost_150,sqlflow-q45sg,2021-06-30T20:45:33Z,2021-06-30T20:45:43Z,10,1.0,1.0
script_opt_6_order_cost_150,sqlflow-2zssp,2021-06-30T20:57:15Z,2021-06-30T20:58:33Z,78,128.0,128.0
script_opt_6_order_cost_150,sqlflow-mfqx4,2021-06-30T20:52:06Z,2021-06-30T20:57:19Z,313,602.0,602.0
script_opt_6_order_cost_150,sqlflow-gr5tf,2021-06-30T20:58:27Z,2021-06-30T21:00:01Z,94,165.0,165.0
script_opt_6_order_cost_150,sqlflow-ncpqw,2021-06-30T20:45:37Z,2021-06-30T20:52:11Z,394,767.0,767.0
script_base_9_overlap_cost_100,sqlflow-dflfs,2021-06-30T19:28:02Z,2021-06-30T19:30:59Z,177,321.0,321.0
script_base_9_overlap_cost_100,sqlflow-f2npp,2021-06-30T19:35:23Z,2021-06-30T19:35:59Z,36,44.0,44.0
script_base_9_overlap_cost_100,sqlflow-g6kpp,2021-06-30T19:24:49Z,2021-06-30T19:28:09Z,200,375.0,375.0
script_base_9_overlap_cost_100,sqlflow-q5vm9,2021-06-30T19:31:18Z,2021-06-30T19:35:30Z,252,481.0,481.0
script_base_9_overlap_cost_100,sqlflow-f8fpt,2021-06-30T19:24:31Z,2021-06-30T19:24:41Z,10,5.0,5.0
script_base_9_overlap_cost_100,sqlflow-2dmqt,2021-06-30T19:24:44Z,2021-06-30T19:24:54Z,10,2.0,2.0
script_base_9_overlap_cost_100,sqlflow-2hxkm,2021-06-30T19:30:51Z,2021-06-30T19:31:24Z,33,42.0,42.0
script_base_3_overlap_cost_50,sqlflow-ph7mn,2021-06-30T10:35:56Z,2021-06-30T10:38:45Z,169,317.0,317.0
script_base_3_overlap_cost_50,sqlflow-cvndd,2021-06-30T10:35:35Z,2021-06-30T10:35:46Z,11,2.0,2.0
script_base_3_overlap_cost_50,sqlflow-tk76d,2021-06-30T10:38:39Z,2021-06-30T10:40:48Z,129,232.0,232.0
script_base_3_overlap_cost_50,sqlflow-qbsxb,2021-06-30T10:40:41Z,2021-06-30T10:41:14Z,33,42.0,42.0
script_base_3_overlap_cost_50,sqlflow-sdfjv,2021-06-30T10:35:45Z,2021-06-30T10:35:55Z,10,6.0,6.0
script_opt_4_overlap_cost_100,sqlflow-k2mjt,2021-06-30T14:32:31Z,2021-06-30T14:32:41Z,10,2.0,2.0
script_opt_4_overlap_cost_100,sqlflow-rjtsv,2021-06-30T14:32:35Z,2021-06-30T14:38:54Z,379,736.0,736.0
script_opt_4_overlap_cost_100,sqlflow-hnd2h,2021-06-30T14:38:50Z,2021-06-30T14:41:36Z,166,310.0,310.0
script_opt_4_overlap_cost_100,sqlflow-dvpxx,2021-06-30T14:41:29Z,2021-06-30T14:42:05Z,36,43.0,43.0
script_opt_4_overlap_cost_100,sqlflow-n2l4v,2021-06-30T14:32:25Z,2021-06-30T14:32:35Z,10,1.0,1.0
script_base_10_overlap_cost_100,sqlflow-stp22,2021-06-30T18:00:00Z,2021-06-30T18:00:37Z,37,50.0,50.0
script_base_10_overlap_cost_100,sqlflow-pthmg,2021-06-30T17:54:54Z,2021-06-30T17:57:46Z,172,320.0,320.0
script_base_10_overlap_cost_100,sqlflow-mg4l5,2021-06-30T18:00:30Z,2021-06-30T18:04:35Z,245,465.0,465.0
script_base_10_overlap_cost_100,sqlflow-8kc5z,2021-06-30T17:54:50Z,2021-06-30T17:55:00Z,10,2.0,2.0
script_base_10_overlap_cost_100,sqlflow-qw87n,2021-06-30T17:57:39Z,2021-06-30T18:00:08Z,149,268.0,268.0
script_base_10_overlap_cost_100,sqlflow-hfxbb,2021-06-30T18:04:27Z,2021-06-30T18:05:03Z,36,48.0,48.0
script_base_10_overlap_cost_100,sqlflow-q8psd,2021-06-30T17:54:44Z,2021-06-30T17:54:54Z,10,3.0,3.0
script_opt_1_order_cost_50,sqlflow-q6xhd,2021-06-30T11:02:04Z,2021-06-30T11:02:14Z,10,3.0,3.0
script_opt_1_order_cost_50,sqlflow-5mm86,2021-06-30T11:04:47Z,2021-06-30T11:06:40Z,113,202.0,202.0
script_opt_1_order_cost_50,sqlflow-gcldv,2021-06-30T11:06:33Z,2021-06-30T11:07:21Z,48,67.0,67.0
script_opt_1_order_cost_50,sqlflow-nz7zt,2021-06-30T11:02:09Z,2021-06-30T11:04:54Z,165,305.0,305.0
script_opt_1_order_cost_50,sqlflow-p7lx5,2021-06-30T11:01:58Z,2021-06-30T11:02:08Z,10,2.0,2.0
script_opt_6_overlap_cost_150,sqlflow-r5v2x,2021-06-30T21:11:12Z,2021-06-30T21:11:22Z,10,1.0,1.0
script_opt_6_overlap_cost_150,sqlflow-kzcr2,2021-06-30T21:11:24Z,2021-06-30T21:17:07Z,343,663.0,663.0
script_opt_6_overlap_cost_150,sqlflow-hnlg8,2021-06-30T21:23:27Z,2021-06-30T21:23:59Z,32,42.0,42.0
script_opt_6_overlap_cost_150,sqlflow-trnwq,2021-06-30T21:17:00Z,2021-06-30T21:23:32Z,392,756.0,756.0
script_opt_6_overlap_cost_150,sqlflow-z2wfc,2021-06-30T21:11:18Z,2021-06-30T21:11:28Z,10,1.0,1.0
script_opt_1_order_cost_150,sqlflow-655xn,2021-06-30T16:54:15Z,2021-06-30T16:57:03Z,168,315.0,315.0
script_opt_1_order_cost_150,sqlflow-5llsm,2021-06-30T16:48:36Z,2021-06-30T16:54:21Z,345,660.0,660.0
script_opt_1_order_cost_150,sqlflow-hkbcb,2021-06-30T16:48:30Z,2021-06-30T16:48:40Z,10,2.0,2.0
script_opt_1_order_cost_150,sqlflow-x57gj,2021-06-30T16:56:56Z,2021-06-30T16:57:44Z,48,67.0,67.0
script_opt_1_order_cost_150,sqlflow-nzxpf,2021-06-30T16:48:21Z,2021-06-30T16:48:31Z,10,5.0,5.0
script_base_2_overlap_cost_100,sqlflow-wnz42,2021-06-30T12:23:32Z,2021-06-30T12:23:42Z,10,2.0,2.0
script_base_2_overlap_cost_100,sqlflow-dpvsd,2021-06-30T12:30:08Z,2021-06-30T12:30:45Z,37,45.0,45.0
script_base_2_overlap_cost_100,sqlflow-7fjs4,2021-06-30T12:27:22Z,2021-06-30T12:30:14Z,172,310.0,310.0
script_base_2_overlap_cost_100,sqlflow-xfmbb,2021-06-30T12:23:48Z,2021-06-30T12:27:29Z,221,414.0,414.0
script_base_2_overlap_cost_100,sqlflow-rcwtc,2021-06-30T12:23:41Z,2021-06-30T12:23:51Z,10,1.0,1.0
script_opt_0_order_cost_150,sqlflow-zmk8s,2021-06-30T16:31:01Z,2021-06-30T16:31:11Z,10,5.0,5.0
script_base_6_overlap_cost_100,sqlflow-zkjt6,2021-06-30T18:31:54Z,2021-06-30T18:32:30Z,36,50.0,50.0
script_base_6_overlap_cost_100,sqlflow-6ksb2,2021-06-30T18:23:20Z,2021-06-30T18:23:31Z,11,1.0,1.0
script_base_6_overlap_cost_100,sqlflow-rp84b,2021-06-30T18:23:14Z,2021-06-30T18:23:24Z,10,2.0,2.0
script_base_6_overlap_cost_100,sqlflow-j972q,2021-06-30T18:23:26Z,2021-06-30T18:26:21Z,175,324.0,324.0
script_base_6_overlap_cost_100,sqlflow-xzzb6,2021-06-30T18:26:14Z,2021-06-30T18:32:01Z,347,661.0,661.0
script_opt_2_order_cost_50,sqlflow-825h6,2021-06-30T11:15:49Z,2021-06-30T11:16:17Z,28,30.0,30.0
script_opt_2_order_cost_50,sqlflow-9nxwj,2021-06-30T11:14:51Z,2021-06-30T11:15:43Z,52,79.0,79.0
script_opt_2_order_cost_50,sqlflow-tkbxr,2021-06-30T11:16:10Z,2021-06-30T11:16:20Z,10,2.0,2.0
script_opt_2_order_cost_50,sqlflow-mmrqp,2021-06-30T11:11:05Z,2021-06-30T11:11:15Z,10,2.0,2.0
script_opt_2_order_cost_50,sqlflow-mljfk,2021-06-30T11:15:36Z,2021-06-30T11:15:58Z,22,13.0,13.0
script_opt_2_order_cost_50,sqlflow-nqnd4,2021-06-30T11:11:17Z,2021-06-30T11:14:59Z,222,419.0,419.0
script_opt_2_order_cost_50,sqlflow-qsc7w,2021-06-30T11:11:12Z,2021-06-30T11:11:22Z,10,2.0,2.0
script_opt_6_order_cost_50,sqlflow-74b68,2021-06-30T22:00:04Z,2021-06-30T22:00:38Z,34,44.0,44.0
script_opt_6_order_cost_50,sqlflow-klzmf,2021-06-30T22:00:30Z,2021-06-30T22:00:40Z,10,7.0,7.0
script_opt_6_order_cost_50,sqlflow-2hmpt,2021-06-30T21:57:05Z,2021-06-30T22:00:10Z,185,346.0,346.0
script_opt_6_order_cost_50,sqlflow-6k8vf,2021-06-30T21:56:50Z,2021-06-30T21:57:00Z,10,5.0,5.0
script_opt_6_order_cost_50,sqlflow-hk78w,2021-06-30T21:57:00Z,2021-06-30T21:57:10Z,10,1.0,1.0
script_opt_2_overlap_cost_150,sqlflow-srx8p,2021-06-30T17:33:22Z,2021-06-30T17:33:55Z,33,45.0,45.0
script_opt_2_overlap_cost_150,sqlflow-z4ffx,2021-06-30T17:23:57Z,2021-06-30T17:24:07Z,10,1.0,1.0
script_opt_2_overlap_cost_150,sqlflow-m8rtt,2021-06-30T17:24:02Z,2021-06-30T17:27:37Z,215,407.0,407.0
script_opt_2_overlap_cost_150,sqlflow-zhvpz,2021-06-30T17:27:31Z,2021-06-30T17:33:29Z,358,687.0,687.0
script_opt_2_overlap_cost_150,sqlflow-k58w4,2021-06-30T17:37:45Z,2021-06-30T17:38:21Z,36,43.0,43.0
script_opt_2_overlap_cost_150,sqlflow-ktmjp,2021-06-30T17:23:49Z,2021-06-30T17:23:59Z,10,5.0,5.0
script_opt_2_overlap_cost_150,sqlflow-dj9ml,2021-06-30T17:33:49Z,2021-06-30T17:37:52Z,243,462.0,462.0
script_base_4_overlap_cost_50,sqlflow-ng8v2,2021-06-30T10:46:54Z,2021-06-30T10:47:30Z,36,42.0,42.0
script_base_4_overlap_cost_50,sqlflow-xxwtp,2021-06-30T10:41:28Z,2021-06-30T10:44:14Z,166,310.0,310.0
script_base_4_overlap_cost_50,sqlflow-wlnhz,2021-06-30T10:41:18Z,2021-06-30T10:41:28Z,10,1.0,1.0
script_base_4_overlap_cost_50,sqlflow-pr8rw,2021-06-30T10:44:07Z,2021-06-30T10:47:01Z,174,325.0,325.0
script_base_4_overlap_cost_50,sqlflow-hp8z9,2021-06-30T10:41:23Z,2021-06-30T10:41:33Z,10,1.0,1.0
script_opt_0_overlap_cost_100,sqlflow-s6pm6,2021-06-30T13:11:49Z,2021-06-30T13:15:29Z,220,412.0,412.0
script_opt_0_overlap_cost_100,sqlflow-gr56b,2021-06-30T13:15:22Z,2021-06-30T13:18:48Z,206,381.0,381.0
script_opt_0_overlap_cost_100,sqlflow-tlknj,2021-06-30T13:11:44Z,2021-06-30T13:11:54Z,10,2.0,2.0
script_opt_0_overlap_cost_100,sqlflow-m68t4,2021-06-30T13:18:42Z,2021-06-30T13:19:15Z,33,41.0,41.0
script_opt_0_overlap_cost_100,sqlflow-xdtcl,2021-06-30T13:11:38Z,2021-06-30T13:11:48Z,10,1.0,1.0
script_opt_0_overlap_cost_100,sqlflow-v95gz,2021-06-30T13:21:44Z,2021-06-30T13:22:20Z,36,42.0,42.0
script_opt_0_overlap_cost_100,sqlflow-9rxvq,2021-06-30T13:19:08Z,2021-06-30T13:21:52Z,164,304.0,304.0
script_opt_4_overlap_cost_50,sqlflow-drvsq,2021-06-30T11:38:54Z,2021-06-30T11:39:04Z,10,1.0,1.0
script_opt_4_overlap_cost_50,sqlflow-w8ncp,2021-06-30T11:38:59Z,2021-06-30T11:41:49Z,170,316.0,316.0
script_opt_4_overlap_cost_50,sqlflow-kbt2p,2021-06-30T11:41:42Z,2021-06-30T11:44:29Z,167,310.0,310.0
script_opt_4_overlap_cost_50,sqlflow-7hrpb,2021-06-30T11:38:48Z,2021-06-30T11:38:58Z,10,1.0,1.0
script_opt_4_overlap_cost_50,sqlflow-zxjfc,2021-06-30T11:44:23Z,2021-06-30T11:45:00Z,37,44.0,44.0
script_base_4_overlap_cost_150,sqlflow-zbjnl,2021-06-30T16:00:25Z,2021-06-30T16:03:13Z,168,312.0,312.0
script_base_4_overlap_cost_150,sqlflow-78rf9,2021-06-30T16:03:35Z,2021-06-30T16:09:17Z,342,660.0,660.0
script_base_4_overlap_cost_150,sqlflow-66m82,2021-06-30T16:09:10Z,2021-06-30T16:09:45Z,35,42.0,42.0
script_base_4_overlap_cost_150,sqlflow-x9bqw,2021-06-30T15:56:27Z,2021-06-30T16:00:33Z,246,465.0,465.0
script_base_4_overlap_cost_150,sqlflow-664lt,2021-06-30T15:56:07Z,2021-06-30T15:56:17Z,10,5.0,5.0
script_base_4_overlap_cost_150,sqlflow-hhb5w,2021-06-30T16:13:35Z,2021-06-30T16:14:07Z,32,42.0,42.0
script_base_4_overlap_cost_150,sqlflow-bb56m,2021-06-30T16:09:39Z,2021-06-30T16:13:41Z,242,457.0,457.0
script_base_4_overlap_cost_150,sqlflow-xv8hj,2021-06-30T16:03:06Z,2021-06-30T16:03:39Z,33,44.0,44.0
script_base_4_overlap_cost_150,sqlflow-7wvgj,2021-06-30T15:56:18Z,2021-06-30T15:56:28Z,10,2.0,2.0
script_opt_5_overlap_cost_100,sqlflow-jk5rm,2021-06-30T14:42:11Z,2021-06-30T14:42:21Z,10,5.0,5.0
script_opt_5_overlap_cost_100,sqlflow-2gcrz,2021-06-30T14:42:24Z,2021-06-30T14:45:17Z,173,322.0,322.0
script_opt_5_overlap_cost_100,sqlflow-jb8qp,2021-06-30T14:50:46Z,2021-06-30T14:51:25Z,39,49.0,49.0
script_opt_5_overlap_cost_100,sqlflow-h7bgl,2021-06-30T14:54:25Z,2021-06-30T14:55:04Z,39,55.0,55.0
script_opt_5_overlap_cost_100,sqlflow-hr4xj,2021-06-30T14:45:12Z,2021-06-30T14:50:53Z,341,659.0,659.0
script_opt_5_overlap_cost_100,sqlflow-xr74n,2021-06-30T14:51:19Z,2021-06-30T14:54:32Z,193,362.0,362.0
script_opt_5_overlap_cost_100,sqlflow-q7n46,2021-06-30T14:42:19Z,2021-06-30T14:42:29Z,10,2.0,2.0
script_base_8_overlap_cost_100,sqlflow-9t98v,2021-06-30T18:58:28Z,2021-06-30T18:58:38Z,10,1.0,1.0
script_base_8_overlap_cost_100,sqlflow-2n7bm,2021-06-30T19:05:11Z,2021-06-30T19:05:47Z,36,47.0,47.0
script_base_8_overlap_cost_100,sqlflow-47g9z,2021-06-30T18:58:37Z,2021-06-30T19:01:23Z,166,307.0,307.0
script_base_8_overlap_cost_100,sqlflow-t7cxh,2021-06-30T19:01:15Z,2021-06-30T19:05:16Z,241,459.0,459.0
script_base_8_overlap_cost_100,sqlflow-jb6hl,2021-06-30T19:08:09Z,2021-06-30T19:08:46Z,37,51.0,51.0
script_base_8_overlap_cost_100,sqlflow-bknn9,2021-06-30T19:05:42Z,2021-06-30T19:08:14Z,152,279.0,279.0
script_base_8_overlap_cost_100,sqlflow-mj4tt,2021-06-30T18:58:32Z,2021-06-30T18:58:42Z,10,2.0,2.0
script_base_1_overlap_cost_150,sqlflow-9h2f6,2021-06-30T15:25:11Z,2021-06-30T15:25:50Z,39,49.0,49.0
script_base_1_overlap_cost_150,sqlflow-fzzlg,2021-06-30T15:14:04Z,2021-06-30T15:14:14Z,10,2.0,2.0
script_base_1_overlap_cost_150,sqlflow-hvvk4,2021-06-30T15:14:17Z,2021-06-30T15:19:48Z,331,637.0,637.0
script_base_1_overlap_cost_150,sqlflow-l824k,2021-06-30T15:19:40Z,2021-06-30T15:25:18Z,338,652.0,652.0
script_base_1_overlap_cost_150,sqlflow-2d6jb,2021-06-30T15:14:09Z,2021-06-30T15:14:19Z,10,5.0,5.0
script_base_3_overlap_cost_100,sqlflow-bxwf4,2021-06-30T12:37:07Z,2021-06-30T12:40:06Z,179,317.0,317.0
script_base_3_overlap_cost_100,sqlflow-kzghw,2021-06-30T12:31:07Z,2021-06-30T12:37:13Z,366,702.0,702.0
script_base_3_overlap_cost_100,sqlflow-jwz2g,2021-06-30T12:30:50Z,2021-06-30T12:31:00Z,10,5.0,5.0
script_base_3_overlap_cost_100,sqlflow-pzmk8,2021-06-30T12:40:00Z,2021-06-30T12:40:39Z,39,47.0,47.0
script_base_3_overlap_cost_100,sqlflow-85b68,2021-06-30T12:31:00Z,2021-06-30T12:31:10Z,10,2.0,2.0
script_opt_2_order_cost_150,sqlflow-nsqzw,2021-06-30T17:19:15Z,2021-06-30T17:19:25Z,10,2.0,2.0
script_opt_2_order_cost_150,sqlflow-74d6q,2021-06-30T17:18:53Z,2021-06-30T17:19:03Z,10,3.0,3.0
script_opt_2_order_cost_150,sqlflow-8m27j,2021-06-30T17:09:42Z,2021-06-30T17:09:52Z,10,1.0,1.0
script_opt_2_order_cost_150,sqlflow-5mmrh,2021-06-30T17:23:10Z,2021-06-30T17:23:42Z,32,41.0,41.0
script_opt_2_order_cost_150,sqlflow-j56qm,2021-06-30T17:19:00Z,2021-06-30T17:19:23Z,23,22.0,22.0
script_opt_2_order_cost_150,sqlflow-6t7pd,2021-06-30T17:09:38Z,2021-06-30T17:09:48Z,10,2.0,2.0
script_opt_2_order_cost_150,sqlflow-2lrdq,2021-06-30T17:17:47Z,2021-06-30T17:17:57Z,10,5.0,5.0
script_opt_2_order_cost_150,sqlflow-rfcnx,2021-06-30T17:18:32Z,2021-06-30T17:18:52Z,20,32.0,32.0
script_opt_2_order_cost_150,sqlflow-hxv7l,2021-06-30T17:18:24Z,2021-06-30T17:18:34Z,10,4.0,4.0
script_opt_2_order_cost_150,sqlflow-zn9n4,2021-06-30T17:19:20Z,2021-06-30T17:23:18Z,238,450.0,450.0
script_opt_2_order_cost_150,sqlflow-vxf2r,2021-06-30T17:17:54Z,2021-06-30T17:18:32Z,38,52.0,52.0
script_opt_2_order_cost_150,sqlflow-5pc9q,2021-06-30T17:17:19Z,2021-06-30T17:17:55Z,36,43.0,43.0
script_opt_2_order_cost_150,sqlflow-gth57,2021-06-30T17:09:49Z,2021-06-30T17:17:27Z,458,891.0,891.0
script_opt_5_overlap_cost_50,sqlflow-blsst,2021-06-30T11:48:06Z,2021-06-30T11:51:16Z,190,356.0,356.0
script_opt_5_overlap_cost_50,sqlflow-hh997,2021-06-30T11:51:09Z,2021-06-30T11:51:47Z,38,52.0,52.0
script_opt_5_overlap_cost_50,sqlflow-fzghs,2021-06-30T11:45:14Z,2021-06-30T11:45:24Z,10,2.0,2.0
script_opt_5_overlap_cost_50,sqlflow-j9vrk,2021-06-30T11:45:21Z,2021-06-30T11:48:13Z,172,319.0,319.0
script_opt_5_overlap_cost_50,sqlflow-tdjk9,2021-06-30T11:45:04Z,2021-06-30T11:45:15Z,11,1.0,1.0
script_opt_8_order_cost_50,sqlflow-vxscw,2021-06-30T22:17:47Z,2021-06-30T22:17:57Z,10,6.0,6.0
script_opt_8_order_cost_50,sqlflow-49mcn,2021-06-30T22:16:16Z,2021-06-30T22:17:20Z,64,104.0,104.0
script_opt_8_order_cost_50,sqlflow-8wcgz,2021-06-30T22:22:32Z,2021-06-30T22:23:11Z,39,56.0,56.0
script_opt_8_order_cost_50,sqlflow-zlh5v,2021-06-30T22:23:05Z,2021-06-30T22:23:15Z,10,3.0,3.0
script_opt_8_order_cost_50,sqlflow-74lw5,2021-06-30T22:13:30Z,2021-06-30T22:16:23Z,173,319.0,319.0
script_opt_8_order_cost_50,sqlflow-46sq4,2021-06-30T22:19:06Z,2021-06-30T22:21:31Z,145,263.0,263.0
script_opt_8_order_cost_50,sqlflow-fkxz6,2021-06-30T22:23:11Z,2021-06-30T22:23:31Z,20,32.0,32.0
script_opt_8_order_cost_50,sqlflow-qx2hd,2021-06-30T22:17:24Z,2021-06-30T22:17:55Z,31,39.0,39.0
script_opt_8_order_cost_50,sqlflow-99q4r,2021-06-30T22:18:13Z,2021-06-30T22:18:23Z,10,1.0,1.0
script_opt_8_order_cost_50,sqlflow-292pd,2021-06-30T22:18:56Z,2021-06-30T22:19:06Z,10,5.0,5.0
script_opt_8_order_cost_50,sqlflow-rx2cj,2021-06-30T22:13:26Z,2021-06-30T22:13:36Z,10,1.0,1.0
script_opt_8_order_cost_50,sqlflow-s4vr2,2021-06-30T22:21:25Z,2021-06-30T22:22:39Z,74,120.0,120.0
script_opt_8_order_cost_50,sqlflow-8gcxq,2021-06-30T22:23:31Z,2021-06-30T22:23:41Z,10,2.0,2.0
script_opt_8_order_cost_50,sqlflow-p7jtl,2021-06-30T22:18:19Z,2021-06-30T22:18:41Z,22,20.0,20.0
script_opt_8_order_cost_50,sqlflow-s8w7q,2021-06-30T22:17:13Z,2021-06-30T22:17:23Z,10,12.0,12.0
script_opt_8_order_cost_50,sqlflow-ffszb,2021-06-30T22:23:52Z,2021-06-30T22:24:02Z,10,5.0,5.0
script_opt_8_order_cost_50,sqlflow-pqpnr,2021-06-30T22:18:34Z,2021-06-30T22:18:44Z,10,1.0,1.0
script_opt_8_order_cost_50,sqlflow-6hq8b,2021-06-30T22:13:20Z,2021-06-30T22:13:30Z,10,1.0,1.0
script_opt_8_order_cost_50,sqlflow-2nfrb,2021-06-30T22:17:55Z,2021-06-30T22:18:19Z,24,26.0,26.0
script_opt_8_order_cost_50,sqlflow-7zfx8,2021-06-30T22:23:35Z,2021-06-30T22:23:59Z,24,23.0,23.0
script_opt_8_order_cost_50,sqlflow-6pfpr,2021-06-30T22:18:40Z,2021-06-30T22:19:04Z,24,23.0,23.0
script_opt_2_overlap_cost_50,sqlflow-5pbzq,2021-06-30T11:22:10Z,2021-06-30T11:22:43Z,33,44.0,44.0
script_opt_2_overlap_cost_50,sqlflow-dn8zr,2021-06-30T11:19:25Z,2021-06-30T11:22:14Z,169,315.0,315.0
script_opt_2_overlap_cost_50,sqlflow-nt9rv,2021-06-30T11:16:29Z,2021-06-30T11:16:39Z,10,2.0,2.0
script_opt_2_overlap_cost_50,sqlflow-7bqdr,2021-06-30T11:16:34Z,2021-06-30T11:16:44Z,10,1.0,1.0
script_opt_2_overlap_cost_50,sqlflow-j74m4,2021-06-30T11:16:41Z,2021-06-30T11:19:32Z,171,317.0,317.0
script_base_7_overlap_cost_100,sqlflow-jg7gl,2021-06-30T18:43:20Z,2021-06-30T18:43:55Z,35,49.0,49.0
script_base_7_overlap_cost_100,sqlflow-6tcvp,2021-06-30T18:40:57Z,2021-06-30T18:43:27Z,150,275.0,275.0
script_base_7_overlap_cost_100,sqlflow-7tv57,2021-06-30T18:33:09Z,2021-06-30T18:36:31Z,202,379.0,379.0
script_base_7_overlap_cost_100,sqlflow-bw6kp,2021-06-30T18:36:24Z,2021-06-30T18:40:37Z,253,475.0,475.0
script_base_7_overlap_cost_100,sqlflow-2dnr5,2021-06-30T18:32:56Z,2021-06-30T18:33:06Z,10,1.0,1.0
script_base_7_overlap_cost_100,sqlflow-dfvhr,2021-06-30T18:40:32Z,2021-06-30T18:41:04Z,32,43.0,43.0
script_base_7_overlap_cost_100,sqlflow-tzhvp,2021-06-30T18:33:03Z,2021-06-30T18:33:13Z,10,1.0,1.0
script_opt_3_order_cost_150,sqlflow-dbqvz,2021-06-30T17:52:05Z,2021-06-30T17:52:36Z,31,40.0,40.0
script_opt_3_order_cost_150,sqlflow-dv2jf,2021-06-30T17:44:32Z,2021-06-30T17:45:21Z,49,74.0,74.0
script_opt_3_order_cost_150,sqlflow-ppsh7,2021-06-30T17:45:27Z,2021-06-30T17:45:56Z,29,31.0,31.0
script_opt_3_order_cost_150,sqlflow-vj77b,2021-06-30T17:38:36Z,2021-06-30T17:38:46Z,10,1.0,1.0
script_opt_3_order_cost_150,sqlflow-xp2nt,2021-06-30T17:45:55Z,2021-06-30T17:52:12Z,377,729.0,729.0
script_opt_3_order_cost_150,sqlflow-8p4r6,2021-06-30T17:45:50Z,2021-06-30T17:46:00Z,10,2.0,2.0
script_opt_3_order_cost_150,sqlflow-mpd8z,2021-06-30T17:38:27Z,2021-06-30T17:38:37Z,10,6.0,6.0
script_opt_3_order_cost_150,sqlflow-gkpxq,2021-06-30T17:38:40Z,2021-06-30T17:44:39Z,359,693.0,693.0
script_opt_3_order_cost_150,sqlflow-jdb5h,2021-06-30T17:53:02Z,2021-06-30T17:53:12Z,10,7.0,7.0
script_opt_3_order_cost_150,sqlflow-lhkrc,2021-06-30T17:52:29Z,2021-06-30T17:53:09Z,40,56.0,56.0
script_opt_3_order_cost_150,sqlflow-s4vqd,2021-06-30T17:45:13Z,2021-06-30T17:45:35Z,22,8.0,8.0
script_base_2_overlap_cost_50,sqlflow-74d7z,2021-06-30T10:32:45Z,2021-06-30T10:35:32Z,167,309.0,309.0
script_base_2_overlap_cost_50,sqlflow-g6snf,2021-06-30T10:32:38Z,2021-06-30T10:32:48Z,10,1.0,1.0
script_base_2_overlap_cost_50,sqlflow-xfkqm,2021-06-30T10:32:31Z,2021-06-30T10:32:41Z,10,2.0,2.0
script_base_5_overlap_cost_150,sqlflow-pmj6n,2021-06-30T16:26:40Z,2021-06-30T16:27:20Z,40,50.0,50.0
script_base_5_overlap_cost_150,sqlflow-s5fwx,2021-06-30T16:27:12Z,2021-06-30T16:30:20Z,188,343.0,343.0
script_base_5_overlap_cost_150,sqlflow-jdhng,2021-06-30T16:30:12Z,2021-06-30T16:30:53Z,41,57.0,57.0
script_base_5_overlap_cost_150,sqlflow-qfns8,2021-06-30T16:14:23Z,2021-06-30T16:17:39Z,196,361.0,361.0
script_base_5_overlap_cost_150,sqlflow-j2bhz,2021-06-30T16:14:18Z,2021-06-30T16:14:28Z,10,2.0,2.0
script_base_5_overlap_cost_150,sqlflow-kfvq5,2021-06-30T16:23:56Z,2021-06-30T16:26:47Z,171,315.0,315.0
script_base_5_overlap_cost_150,sqlflow-bc48k,2021-06-30T16:17:32Z,2021-06-30T16:23:30Z,358,686.0,686.0
script_base_5_overlap_cost_150,sqlflow-kmvf7,2021-06-30T16:14:13Z,2021-06-30T16:14:23Z,10,2.0,2.0
script_base_5_overlap_cost_150,sqlflow-dnw22,2021-06-30T16:23:25Z,2021-06-30T16:24:01Z,36,51.0,51.0
script_opt_10_order_cost_150,sqlflow-9dxlj,2021-06-30T20:00:47Z,2021-06-30T20:01:07Z,20,19.0,19.0
script_opt_10_order_cost_150,sqlflow-qlf24,2021-06-30T20:01:29Z,2021-06-30T20:02:00Z,31,34.0,34.0
script_opt_10_order_cost_150,sqlflow-vm4s9,2021-06-30T20:10:20Z,2021-06-30T20:11:32Z,72,121.0,121.0
script_opt_10_order_cost_150,sqlflow-hqtjp,2021-06-30T20:06:45Z,2021-06-30T20:10:21Z,216,412.0,412.0
script_opt_10_order_cost_150,sqlflow-ljqxp,2021-06-30T20:02:24Z,2021-06-30T20:02:34Z,10,7.0,7.0
script_opt_10_order_cost_150,sqlflow-p8w69,2021-06-30T19:59:48Z,2021-06-30T19:59:58Z,10,1.0,1.0
script_opt_10_order_cost_150,sqlflow-6rc4t,2021-06-30T20:01:24Z,2021-06-30T20:01:34Z,10,1.0,1.0
script_opt_10_order_cost_150,sqlflow-hjw2n,2021-06-30T20:11:26Z,2021-06-30T20:12:12Z,46,67.0,67.0
script_opt_10_order_cost_150,sqlflow-cs9gh,2021-06-30T20:02:33Z,2021-06-30T20:03:04Z,31,38.0,38.0
script_opt_10_order_cost_150,sqlflow-c264r,2021-06-30T20:00:19Z,2021-06-30T20:00:29Z,10,1.0,1.0
script_opt_10_order_cost_150,sqlflow-g54r7,2021-06-30T19:51:52Z,2021-06-30T19:52:02Z,10,2.0,2.0
script_opt_10_order_cost_150,sqlflow-lgtkt,2021-06-30T20:01:02Z,2021-06-30T20:01:12Z,10,1.0,1.0
script_opt_10_order_cost_150,sqlflow-rnsdf,2021-06-30T20:01:07Z,2021-06-30T20:01:31Z,24,23.0,23.0
script_opt_10_order_cost_150,sqlflow-zj45s,2021-06-30T19:52:06Z,2021-06-30T19:58:43Z,397,770.0,770.0
script_opt_10_order_cost_150,sqlflow-7qwdq,2021-06-30T20:05:38Z,2021-06-30T20:06:51Z,73,120.0,120.0
script_opt_10_order_cost_150,sqlflow-rf75f,2021-06-30T20:01:51Z,2021-06-30T20:02:01Z,10,6.0,6.0
script_opt_10_order_cost_150,sqlflow-b6ttx,2021-06-30T20:03:03Z,2021-06-30T20:05:40Z,157,291.0,291.0
script_opt_10_order_cost_150,sqlflow-cgqfr,2021-06-30T19:59:25Z,2021-06-30T19:59:55Z,30,35.0,35.0
script_opt_10_order_cost_150,sqlflow-sqm9p,2021-06-30T19:59:17Z,2021-06-30T19:59:27Z,10,7.0,7.0
script_opt_10_order_cost_150,sqlflow-dt4lw,2021-06-30T19:51:59Z,2021-06-30T19:52:09Z,10,1.0,1.0
script_opt_10_order_cost_150,sqlflow-fclvm,2021-06-30T20:00:39Z,2021-06-30T20:00:49Z,10,5.0,5.0
script_opt_10_order_cost_150,sqlflow-5r76f,2021-06-30T20:01:58Z,2021-06-30T20:02:26Z,28,33.0,33.0
script_opt_10_order_cost_150,sqlflow-wf626,2021-06-30T20:02:57Z,2021-06-30T20:03:07Z,10,2.0,2.0
script_opt_10_order_cost_150,sqlflow-sv8nk,2021-06-30T19:58:40Z,2021-06-30T19:59:24Z,44,55.0,55.0
script_opt_10_order_cost_150,sqlflow-9jk5c,2021-06-30T20:12:07Z,2021-06-30T20:12:17Z,10,4.0,4.0
script_opt_10_order_cost_150,sqlflow-8zxn9,2021-06-30T19:59:53Z,2021-06-30T20:00:27Z,34,42.0,42.0
script_opt_10_order_cost_150,sqlflow-j29xl,2021-06-30T20:00:23Z,2021-06-30T20:00:44Z,21,19.0,19.0
script_opt_1_overlap_cost_100,sqlflow-v4rmz,2021-06-30T13:32:13Z,2021-06-30T13:37:53Z,340,655.0,655.0
script_opt_1_overlap_cost_100,sqlflow-x2nsh,2021-06-30T13:31:53Z,2021-06-30T13:32:03Z,10,5.0,5.0
script_opt_1_overlap_cost_100,sqlflow-ndwvk,2021-06-30T13:41:00Z,2021-06-30T13:41:35Z,35,43.0,43.0
script_opt_1_overlap_cost_100,sqlflow-gnz48,2021-06-30T13:32:02Z,2021-06-30T13:32:12Z,10,3.0,3.0
script_opt_1_overlap_cost_100,sqlflow-c6sgr,2021-06-30T13:37:46Z,2021-06-30T13:41:07Z,201,377.0,377.0
script_opt_10_overlap_cost_150,sqlflow-z8dhr,2021-06-30T20:30:18Z,2021-06-30T20:30:57Z,39,55.0,55.0
script_opt_10_overlap_cost_150,sqlflow-v44t2,2021-06-30T20:27:20Z,2021-06-30T20:30:23Z,183,336.0,336.0
script_opt_10_overlap_cost_150,sqlflow-ls7nv,2021-06-30T20:30:52Z,2021-06-30T20:36:22Z,330,634.0,634.0
script_opt_10_overlap_cost_150,sqlflow-g5xsg,2021-06-30T20:23:19Z,2021-06-30T20:23:29Z,10,2.0,2.0
script_opt_10_overlap_cost_150,sqlflow-smb8j,2021-06-30T20:36:18Z,2021-06-30T20:36:57Z,39,51.0,51.0
script_opt_10_overlap_cost_150,sqlflow-wdv9d,2021-06-30T20:23:13Z,2021-06-30T20:23:23Z,10,1.0,1.0
script_opt_10_overlap_cost_150,sqlflow-qlzbw,2021-06-30T20:23:25Z,2021-06-30T20:27:26Z,241,459.0,459.0
script_base_0_overlap_cost_100,sqlflow-w9rxd,2021-06-30T12:01:02Z,2021-06-30T12:01:42Z,40,1.0,1.0
script_base_0_overlap_cost_100,sqlflow-j6wtd,2021-06-30T12:11:54Z,2021-06-30T12:12:26Z,32,43.0,43.0
script_base_0_overlap_cost_100,sqlflow-w6w82,2021-06-30T12:04:31Z,2021-06-30T12:07:50Z,199,376.0,376.0
script_base_0_overlap_cost_100,sqlflow-kngvp,2021-06-30T12:07:43Z,2021-06-30T12:08:18Z,35,41.0,41.0
script_base_0_overlap_cost_100,sqlflow-wcqlp,2021-06-30T12:08:10Z,2021-06-30T12:12:00Z,230,436.0,436.0
script_base_0_overlap_cost_100,sqlflow-gktv5,2021-06-30T12:01:35Z,2021-06-30T12:01:45Z,10,5.0,5.0
script_base_0_overlap_cost_100,sqlflow-qt8vf,2021-06-30T12:01:43Z,2021-06-30T12:04:38Z,175,322.0,322.0
script_opt_8_overlap_cost_50,sqlflow-njwp5,2021-06-30T22:24:23Z,2021-06-30T22:27:43Z,200,376.0,376.0
script_opt_8_overlap_cost_50,sqlflow-95kfw,2021-06-30T22:24:17Z,2021-06-30T22:24:27Z,10,1.0,1.0
script_opt_8_overlap_cost_50,sqlflow-4tld8,2021-06-30T22:24:12Z,2021-06-30T22:24:22Z,10,1.0,1.0
script_base_9_overlap_cost_150,sqlflow-z2lj7,2021-06-30T19:47:35Z,2021-06-30T19:51:14Z,219,414.0,414.0
script_base_9_overlap_cost_150,sqlflow-684jg,2021-06-30T19:36:04Z,2021-06-30T19:36:14Z,10,2.0,2.0
script_base_9_overlap_cost_150,sqlflow-xhgrj,2021-06-30T19:36:16Z,2021-06-30T19:38:49Z,153,279.0,279.0
script_base_9_overlap_cost_150,sqlflow-hzmk9,2021-06-30T19:42:01Z,2021-06-30T19:47:01Z,300,575.0,575.0
script_base_9_overlap_cost_150,sqlflow-8sngj,2021-06-30T19:41:31Z,2021-06-30T19:42:05Z,34,46.0,46.0
script_base_9_overlap_cost_150,sqlflow-pxtbz,2021-06-30T19:38:42Z,2021-06-30T19:41:37Z,175,326.0,326.0
script_base_9_overlap_cost_150,sqlflow-65wf6,2021-06-30T19:46:56Z,2021-06-30T19:47:38Z,42,54.0,54.0
script_base_9_overlap_cost_150,sqlflow-lc8hf,2021-06-30T19:51:11Z,2021-06-30T19:51:45Z,34,47.0,47.0
script_base_9_overlap_cost_150,sqlflow-hwdt4,2021-06-30T19:36:11Z,2021-06-30T19:36:21Z,10,1.0,1.0
script_opt_6_order_cost_100,sqlflow-9rwlv,2021-06-30T20:37:09Z,2021-06-30T20:37:19Z,10,1.0,1.0
script_opt_6_order_cost_100,sqlflow-2p5zd,2021-06-30T20:42:55Z,2021-06-30T20:44:37Z,102,179.0,179.0
script_opt_6_order_cost_100,sqlflow-xhdt7,2021-06-30T20:37:15Z,2021-06-30T20:37:25Z,10,1.0,1.0
script_opt_6_order_cost_100,sqlflow-v6sdm,2021-06-30T20:44:33Z,2021-06-30T20:45:18Z,45,70.0,70.0
script_opt_6_order_cost_100,sqlflow-f566d,2021-06-30T20:37:21Z,2021-06-30T20:43:02Z,341,658.0,658.0
script_opt_7_overlap_cost_50,sqlflow-bpwjg,2021-06-30T22:10:48Z,2021-06-30T22:13:16Z,148,274.0,274.0
script_opt_7_overlap_cost_50,sqlflow-fkcrq,2021-06-30T22:10:41Z,2021-06-30T22:10:51Z,10,1.0,1.0
script_opt_7_overlap_cost_50,sqlflow-btz8l,2021-06-30T22:10:32Z,2021-06-30T22:10:42Z,10,5.0,5.0
script_opt_6_overlap_cost_100,sqlflow-xp85f,2021-06-30T21:00:44Z,2021-06-30T21:00:54Z,10,1.0,1.0
script_opt_6_overlap_cost_100,sqlflow-dwlvg,2021-06-30T21:10:33Z,2021-06-30T21:11:06Z,33,43.0,43.0
script_opt_6_overlap_cost_100,sqlflow-m45bc,2021-06-30T21:06:31Z,2021-06-30T21:10:39Z,248,467.0,467.0
script_opt_6_overlap_cost_100,sqlflow-pcpcg,2021-06-30T21:00:54Z,2021-06-30T21:06:37Z,343,661.0,661.0
script_opt_6_overlap_cost_100,sqlflow-t7bt9,2021-06-30T21:00:49Z,2021-06-30T21:00:59Z,10,2.0,2.0
script_base_10_overlap_cost_150,sqlflow-fbn62,2021-06-30T18:08:35Z,2021-06-30T18:11:34Z,179,332.0,332.0
script_base_10_overlap_cost_150,sqlflow-lwgwl,2021-06-30T18:05:16Z,2021-06-30T18:05:26Z,10,1.0,1.0
script_base_10_overlap_cost_150,sqlflow-d6qvg,2021-06-30T18:16:03Z,2021-06-30T18:16:48Z,45,57.0,57.0
script_base_10_overlap_cost_150,sqlflow-99jk5,2021-06-30T18:05:08Z,2021-06-30T18:05:18Z,10,4.0,4.0
script_base_10_overlap_cost_150,sqlflow-q52gz,2021-06-30T18:22:31Z,2021-06-30T18:23:07Z,36,49.0,49.0
script_base_10_overlap_cost_150,sqlflow-56xwv,2021-06-30T18:05:21Z,2021-06-30T18:08:43Z,202,379.0,379.0
script_base_10_overlap_cost_150,sqlflow-s9cmz,2021-06-30T18:11:27Z,2021-06-30T18:12:51Z,84,139.0,139.0
script_base_10_overlap_cost_150,sqlflow-llkml,2021-06-30T18:16:40Z,2021-06-30T18:22:37Z,357,691.0,691.0
script_base_10_overlap_cost_150,sqlflow-5xb7w,2021-06-30T18:12:45Z,2021-06-30T18:16:09Z,204,385.0,385.0
script_base_2_overlap_cost_150,sqlflow-d9xb5,2021-06-30T15:35:06Z,2021-06-30T15:38:50Z,224,420.0,420.0
script_base_2_overlap_cost_150,sqlflow-lqrjx,2021-06-30T15:26:03Z,2021-06-30T15:26:13Z,10,1.0,1.0
script_base_2_overlap_cost_150,sqlflow-tsf5s,2021-06-30T15:38:44Z,2021-06-30T15:40:05Z,81,141.0,141.0
script_base_2_overlap_cost_150,sqlflow-7jzdk,2021-06-30T15:34:40Z,2021-06-30T15:35:13Z,33,42.0,42.0
script_base_2_overlap_cost_150,sqlflow-6h9rf,2021-06-30T15:31:57Z,2021-06-30T15:34:47Z,170,315.0,315.0
script_base_2_overlap_cost_150,sqlflow-wznkm,2021-06-30T15:25:54Z,2021-06-30T15:26:04Z,10,6.0,6.0
script_base_2_overlap_cost_150,sqlflow-zrt5f,2021-06-30T15:26:08Z,2021-06-30T15:32:04Z,356,689.0,689.0
script_opt_1_order_cost_100,sqlflow-8szwm,2021-06-30T13:22:34Z,2021-06-30T13:22:44Z,10,1.0,1.0
script_opt_1_order_cost_100,sqlflow-v9hdz,2021-06-30T13:28:14Z,2021-06-30T13:31:10Z,176,325.0,325.0
script_opt_1_order_cost_100,sqlflow-rkhl9,2021-06-30T13:22:28Z,2021-06-30T13:22:38Z,10,1.0,1.0
script_opt_1_order_cost_100,sqlflow-9dztd,2021-06-30T13:22:42Z,2021-06-30T13:28:20Z,338,653.0,653.0
script_opt_1_order_cost_100,sqlflow-jmxzj,2021-06-30T13:31:02Z,2021-06-30T13:31:49Z,47,66.0,66.0
script_base_6_overlap_cost_150,sqlflow-qmq57,2021-06-30T18:32:37Z,2021-06-30T18:32:47Z,10,4.0,4.0
script_base_6_overlap_cost_150,sqlflow-k7w4m,2021-06-30T18:32:44Z,2021-06-30T18:32:55Z,11,3.0,3.0
script_base_0_overlap_cost_50,sqlflow-h97bj,2021-06-30T10:17:47Z,2021-06-30T10:17:57Z,10,1.0,1.0
script_base_0_overlap_cost_50,sqlflow-4j7nr,2021-06-30T10:25:19Z,2021-06-30T10:25:56Z,37,43.0,43.0
script_base_0_overlap_cost_50,sqlflow-cp2lw,2021-06-30T10:16:01Z,2021-06-30T10:17:52Z,111,73.0,73.0
script_base_0_overlap_cost_50,sqlflow-rq7w7,2021-06-30T10:22:33Z,2021-06-30T10:25:26Z,173,321.0,321.0
script_base_0_overlap_cost_50,sqlflow-nb584,2021-06-30T10:17:53Z,2021-06-30T10:22:39Z,286,427.0,427.0
script_opt_0_order_cost_100,sqlflow-t9jk8,2021-06-30T12:59:27Z,2021-06-30T12:59:37Z,10,5.0,5.0
script_opt_0_order_cost_100,sqlflow-q4lkd,2021-06-30T13:10:10Z,2021-06-30T13:11:32Z,82,135.0,135.0
script_opt_0_order_cost_100,sqlflow-kq85l,2021-06-30T13:03:33Z,2021-06-30T13:03:43Z,10,5.0,5.0
script_opt_0_order_cost_100,sqlflow-9k726,2021-06-30T13:03:40Z,2021-06-30T13:04:19Z,39,52.0,52.0
script_opt_0_order_cost_100,sqlflow-9755q,2021-06-30T13:04:38Z,2021-06-30T13:04:48Z,10,3.0,3.0
script_opt_0_order_cost_100,sqlflow-vw4hb,2021-06-30T12:59:37Z,2021-06-30T12:59:47Z,10,5.0,5.0
script_opt_0_order_cost_100,sqlflow-86gkj,2021-06-30T13:03:04Z,2021-06-30T13:03:39Z,35,44.0,44.0
script_opt_0_order_cost_100,sqlflow-tjgr5,2021-06-30T13:04:12Z,2021-06-30T13:04:22Z,10,4.0,4.0
script_opt_0_order_cost_100,sqlflow-gxbg7,2021-06-30T12:59:46Z,2021-06-30T13:03:11Z,205,385.0,385.0
script_opt_0_order_cost_100,sqlflow-zpp2x,2021-06-30T13:04:45Z,2021-06-30T13:10:17Z,332,635.0,635.0
script_opt_0_order_cost_100,sqlflow-qldlk,2021-06-30T13:04:19Z,2021-06-30T13:04:39Z,20,27.0,27.0
script_opt_2_overlap_cost_100,sqlflow-mcr4k,2021-06-30T13:56:23Z,2021-06-30T14:00:57Z,274,524.0,524.0
script_opt_2_overlap_cost_100,sqlflow-llsw6,2021-06-30T13:52:44Z,2021-06-30T13:52:54Z,10,1.0,1.0
script_opt_2_overlap_cost_100,sqlflow-7khrd,2021-06-30T13:52:49Z,2021-06-30T13:56:29Z,220,415.0,415.0
script_opt_2_overlap_cost_100,sqlflow-t5vw5,2021-06-30T14:00:50Z,2021-06-30T14:01:28Z,38,44.0,44.0
script_opt_2_overlap_cost_100,sqlflow-9472t,2021-06-30T13:52:40Z,2021-06-30T13:52:50Z,10,2.0,2.0
script_opt_0_overlap_cost_50,sqlflow-2rdgv,2021-06-30T10:55:19Z,2021-06-30T10:58:06Z,167,309.0,309.0
script_opt_0_overlap_cost_50,sqlflow-jjk9d,2021-06-30T11:01:20Z,2021-06-30T11:01:52Z,32,43.0,43.0
script_opt_0_overlap_cost_50,sqlflow-c57z2,2021-06-30T10:57:59Z,2021-06-30T11:01:27Z,208,388.0,388.0
script_opt_0_overlap_cost_50,sqlflow-lkp6h,2021-06-30T10:55:13Z,2021-06-30T10:55:23Z,10,1.0,1.0
script_opt_0_overlap_cost_50,sqlflow-fjlh6,2021-06-30T10:55:05Z,2021-06-30T10:55:15Z,10,2.0,2.0
script_opt_0_overlap_cost_150,sqlflow-26hz4,2021-06-30T16:43:26Z,2021-06-30T16:44:00Z,34,44.0,44.0
script_opt_0_overlap_cost_150,sqlflow-9j9fc,2021-06-30T16:31:12Z,2021-06-30T16:31:22Z,10,1.0,1.0
script_opt_0_overlap_cost_150,sqlflow-g5cxt,2021-06-30T16:43:52Z,2021-06-30T16:47:45Z,233,438.0,438.0
script_opt_0_overlap_cost_150,sqlflow-f7ldq,2021-06-30T16:37:48Z,2021-06-30T16:43:34Z,346,658.0,658.0
script_opt_0_overlap_cost_150,sqlflow-h7frh,2021-06-30T16:31:19Z,2021-06-30T16:31:29Z,10,1.0,1.0
script_opt_0_overlap_cost_150,sqlflow-btm9j,2021-06-30T16:31:23Z,2021-06-30T16:37:55Z,392,755.0,755.0
script_opt_0_overlap_cost_150,sqlflow-j7mtk,2021-06-30T16:47:38Z,2021-06-30T16:48:15Z,37,43.0,43.0
script_opt_7_order_cost_100,sqlflow-kmhrf,2021-06-30T21:24:19Z,2021-06-30T21:30:59Z,400,778.0,778.0
script_opt_7_order_cost_100,sqlflow-phsg7,2021-06-30T21:31:28Z,2021-06-30T21:32:01Z,33,42.0,42.0
script_opt_7_order_cost_100,sqlflow-xq6rn,2021-06-30T21:30:53Z,2021-06-30T21:31:29Z,36,40.0,40.0
script_opt_7_order_cost_100,sqlflow-2qpzx,2021-06-30T21:31:54Z,2021-06-30T21:32:04Z,10,7.0,7.0
script_opt_7_order_cost_100,sqlflow-6s9r4,2021-06-30T21:24:14Z,2021-06-30T21:24:24Z,10,1.0,1.0
script_opt_7_order_cost_100,sqlflow-h5sgm,2021-06-30T21:31:21Z,2021-06-30T21:31:31Z,10,6.0,6.0
script_opt_7_order_cost_100,sqlflow-vdd4k,2021-06-30T21:32:04Z,2021-06-30T21:35:03Z,179,335.0,335.0
script_opt_7_order_cost_100,sqlflow-2jxmj,2021-06-30T21:24:08Z,2021-06-30T21:24:18Z,10,1.0,1.0
script_opt_7_order_cost_100,sqlflow-czvhx,2021-06-30T21:34:56Z,2021-06-30T21:36:10Z,74,125.0,125.0
script_base_4_overlap_cost_100,sqlflow-t4vnm,2021-06-30T12:41:04Z,2021-06-30T12:43:55Z,171,311.0,311.0
script_base_4_overlap_cost_100,sqlflow-tv62z,2021-06-30T12:40:49Z,2021-06-30T12:41:10Z,21,8.0,8.0
script_base_4_overlap_cost_100,sqlflow-ksrcv,2021-06-30T12:40:43Z,2021-06-30T12:40:53Z,10,2.0,2.0
script_base_4_overlap_cost_100,sqlflow-t92vv,2021-06-30T12:47:46Z,2021-06-30T12:48:25Z,39,45.0,45.0
script_base_4_overlap_cost_100,sqlflow-x8ck9,2021-06-30T12:43:48Z,2021-06-30T12:47:53Z,245,462.0,462.0
script_base_1_overlap_cost_50,sqlflow-5v67z,2021-06-30T10:26:07Z,2021-06-30T10:26:17Z,10,2.0,2.0
script_base_1_overlap_cost_50,sqlflow-5p56n,2021-06-30T10:28:52Z,2021-06-30T10:32:01Z,189,355.0,355.0
script_base_1_overlap_cost_50,sqlflow-nrp9g,2021-06-30T10:31:55Z,2021-06-30T10:32:26Z,31,39.0,39.0
script_base_1_overlap_cost_50,sqlflow-dx4zp,2021-06-30T10:26:01Z,2021-06-30T10:26:11Z,10,1.0,1.0
script_base_1_overlap_cost_50,sqlflow-hz4zn,2021-06-30T10:26:13Z,2021-06-30T10:28:59Z,166,305.0,305.0
script_opt_7_order_cost_50,sqlflow-8tp4z,2021-06-30T22:10:15Z,2021-06-30T22:10:25Z,10,5.0,5.0
script_opt_7_order_cost_50,sqlflow-x9jz7,2021-06-30T22:07:19Z,2021-06-30T22:09:48Z,149,275.0,275.0
script_opt_7_order_cost_50,sqlflow-lrh7h,2021-06-30T22:07:08Z,2021-06-30T22:07:18Z,10,1.0,1.0
script_opt_7_order_cost_50,sqlflow-wc8hp,2021-06-30T22:09:43Z,2021-06-30T22:10:22Z,39,56.0,56.0
script_opt_7_order_cost_50,sqlflow-zk4w5,2021-06-30T22:07:12Z,2021-06-30T22:07:22Z,10,1.0,1.0
script_base_8_overlap_cost_150,sqlflow-8dsdr,2021-06-30T19:08:53Z,2021-06-30T19:09:03Z,10,5.0,5.0
script_base_8_overlap_cost_150,sqlflow-n2fs7,2021-06-30T19:09:03Z,2021-06-30T19:09:13Z,10,1.0,1.0
script_base_8_overlap_cost_150,sqlflow-ftrcl,2021-06-30T19:15:21Z,2021-06-30T19:15:58Z,37,47.0,47.0
script_base_8_overlap_cost_150,sqlflow-2pbf4,2021-06-30T19:19:37Z,2021-06-30T19:20:13Z,36,48.0,48.0
script_base_8_overlap_cost_150,sqlflow-qczxp,2021-06-30T19:23:49Z,2021-06-30T19:24:24Z,35,48.0,48.0
script_base_8_overlap_cost_150,sqlflow-mnnlh,2021-06-30T19:20:06Z,2021-06-30T19:23:56Z,230,437.0,437.0
script_base_8_overlap_cost_150,sqlflow-f8c8r,2021-06-30T19:11:29Z,2021-06-30T19:15:26Z,237,451.0,451.0
script_base_8_overlap_cost_150,sqlflow-jdkcp,2021-06-30T19:15:54Z,2021-06-30T19:19:44Z,230,436.0,436.0
script_base_8_overlap_cost_150,sqlflow-9cr26,2021-06-30T19:09:08Z,2021-06-30T19:11:36Z,148,271.0,271.0
script_opt_3_order_cost_50,sqlflow-s9xnq,2021-06-30T11:27:53Z,2021-06-30T11:28:03Z,10,1.0,1.0
script_opt_3_order_cost_50,sqlflow-vvhgd,2021-06-30T11:28:31Z,2021-06-30T11:29:06Z,35,45.0,45.0
script_opt_3_order_cost_50,sqlflow-s6ss2,2021-06-30T11:22:48Z,2021-06-30T11:22:58Z,10,1.0,1.0
script_opt_3_order_cost_50,sqlflow-6k7np,2021-06-30T11:29:07Z,2021-06-30T11:29:42Z,35,47.0,47.0
script_opt_3_order_cost_50,sqlflow-fqbcp,2021-06-30T11:22:59Z,2021-06-30T11:27:36Z,277,530.0,530.0
script_opt_3_order_cost_50,sqlflow-wpjvl,2021-06-30T11:28:23Z,2021-06-30T11:28:33Z,10,5.0,5.0
script_opt_3_order_cost_50,sqlflow-kzqkj,2021-06-30T11:29:37Z,2021-06-30T11:29:47Z,10,6.0,6.0
script_opt_3_order_cost_50,sqlflow-9c99k,2021-06-30T11:27:57Z,2021-06-30T11:28:29Z,32,38.0,38.0
script_opt_3_order_cost_50,sqlflow-zjzmv,2021-06-30T11:28:59Z,2021-06-30T11:29:09Z,10,5.0,5.0
script_opt_3_order_cost_50,sqlflow-lfkfn,2021-06-30T11:27:29Z,2021-06-30T11:28:00Z,31,31.0,31.0
script_opt_3_order_cost_50,sqlflow-lffmb,2021-06-30T11:22:53Z,2021-06-30T11:23:03Z,10,2.0,2.0
script_opt_1_overlap_cost_50,sqlflow-ftx4n,2021-06-30T11:07:33Z,2021-06-30T11:07:43Z,10,1.0,1.0
script_opt_1_overlap_cost_50,sqlflow-4gs2t,2021-06-30T11:07:26Z,2021-06-30T11:07:36Z,10,2.0,2.0
script_opt_1_overlap_cost_50,sqlflow-8974b,2021-06-30T11:07:37Z,2021-06-30T11:11:00Z,203,380.0,380.0
script_base_1_overlap_cost_100,sqlflow-869xb,2021-06-30T12:12:39Z,2021-06-30T12:12:49Z,10,2.0,2.0
script_base_1_overlap_cost_100,sqlflow-vwgxv,2021-06-30T12:22:03Z,2021-06-30T12:23:26Z,83,141.0,141.0
script_base_1_overlap_cost_100,sqlflow-spwnf,2021-06-30T12:18:20Z,2021-06-30T12:22:09Z,229,424.0,424.0
script_base_1_overlap_cost_100,sqlflow-g5bgl,2021-06-30T12:12:45Z,2021-06-30T12:18:27Z,342,659.0,659.0
script_base_1_overlap_cost_100,sqlflow-dfgrz,2021-06-30T12:12:33Z,2021-06-30T12:12:43Z,10,1.0,1.0
script_opt_2_order_cost_100,sqlflow-hzss7,2021-06-30T13:46:08Z,2021-06-30T13:47:09Z,61,101.0,101.0
script_opt_2_order_cost_100,sqlflow-cmvkv,2021-06-30T13:47:31Z,2021-06-30T13:47:41Z,10,2.0,2.0
script_opt_2_order_cost_100,sqlflow-4ggrz,2021-06-30T13:41:53Z,2021-06-30T13:45:32Z,219,413.0,413.0
script_opt_2_order_cost_100,sqlflow-xc4xt,2021-06-30T13:47:02Z,2021-06-30T13:47:12Z,10,12.0,12.0
script_opt_2_order_cost_100,sqlflow-lqhkt,2021-06-30T13:41:48Z,2021-06-30T13:41:58Z,10,1.0,1.0
script_opt_2_order_cost_100,sqlflow-hdl9x,2021-06-30T13:51:16Z,2021-06-30T13:52:34Z,78,128.0,128.0
script_opt_2_order_cost_100,sqlflow-dmbk5,2021-06-30T13:45:24Z,2021-06-30T13:46:04Z,40,55.0,55.0
script_opt_2_order_cost_100,sqlflow-fqnhb,2021-06-30T13:47:36Z,2021-06-30T13:51:23Z,227,429.0,429.0
script_opt_2_order_cost_100,sqlflow-nsdsf,2021-06-30T13:41:42Z,2021-06-30T13:41:52Z,10,2.0,2.0
script_opt_2_order_cost_100,sqlflow-txw7j,2021-06-30T13:47:12Z,2021-06-30T13:47:32Z,20,27.0,27.0
script_opt_2_order_cost_100,sqlflow-xwksw,2021-06-30T13:45:57Z,2021-06-30T13:46:07Z,10,12.0,12.0
script_base_3_overlap_cost_150,sqlflow-jv5cb,2021-06-30T15:40:20Z,2021-06-30T15:40:30Z,10,2.0,2.0
script_base_3_overlap_cost_150,sqlflow-lvpcs,2021-06-30T15:49:19Z,2021-06-30T15:49:52Z,33,44.0,44.0
script_base_3_overlap_cost_150,sqlflow-pr9dz,2021-06-30T15:40:26Z,2021-06-30T15:47:01Z,395,767.0,767.0
script_base_3_overlap_cost_150,sqlflow-rqtmf,2021-06-30T15:55:24Z,2021-06-30T15:56:01Z,37,45.0,45.0
script_base_3_overlap_cost_150,sqlflow-jq7dh,2021-06-30T15:46:54Z,2021-06-30T15:49:26Z,152,275.0,275.0
script_base_3_overlap_cost_150,sqlflow-lxjdj,2021-06-30T15:49:45Z,2021-06-30T15:55:30Z,345,667.0,667.0
script_base_3_overlap_cost_150,sqlflow-75wxl,2021-06-30T15:40:10Z,2021-06-30T15:40:20Z,10,6.0,6.0
script_opt_3_overlap_cost_100,sqlflow-5d48c,2021-06-30T14:16:55Z,2021-06-30T14:17:28Z,33,45.0,45.0
script_opt_3_overlap_cost_100,sqlflow-5d8x4,2021-06-30T14:10:38Z,2021-06-30T14:13:03Z,145,266.0,266.0
script_opt_3_overlap_cost_100,sqlflow-q7f64,2021-06-30T14:10:26Z,2021-06-30T14:10:36Z,10,1.0,1.0
script_opt_3_overlap_cost_100,sqlflow-6vkwd,2021-06-30T14:17:21Z,2021-06-30T14:20:11Z,170,313.0,313.0
script_opt_3_overlap_cost_100,sqlflow-n9mdm,2021-06-30T14:20:04Z,2021-06-30T14:20:41Z,37,46.0,46.0
script_opt_3_overlap_cost_100,sqlflow-fwh2d,2021-06-30T14:12:56Z,2021-06-30T14:17:01Z,245,470.0,470.0
script_opt_3_overlap_cost_100,sqlflow-ppqtz,2021-06-30T14:10:34Z,2021-06-30T14:10:44Z,10,1.0,1.0
script_opt_3_order_cost_100,sqlflow-lgwdr,2021-06-30T14:08:31Z,2021-06-30T14:08:41Z,10,2.0,2.0
script_opt_3_order_cost_100,sqlflow-lb2d6,2021-06-30T14:08:35Z,2021-06-30T14:08:55Z,20,30.0,30.0
script_opt_3_order_cost_100,sqlflow-rhs6m,2021-06-30T14:09:59Z,2021-06-30T14:10:19Z,20,14.0,14.0
script_opt_3_order_cost_100,sqlflow-r85hm,2021-06-30T14:01:38Z,2021-06-30T14:01:48Z,10,5.0,5.0
script_opt_3_order_cost_100,sqlflow-dsj2v,2021-06-30T14:08:55Z,2021-06-30T14:09:05Z,10,1.0,1.0
script_opt_3_order_cost_100,sqlflow-9gs86,2021-06-30T14:01:33Z,2021-06-30T14:01:43Z,10,1.0,1.0
script_opt_3_order_cost_100,sqlflow-qssdn,2021-06-30T14:08:13Z,2021-06-30T14:08:38Z,25,26.0,26.0
script_opt_3_order_cost_100,sqlflow-l6pnb,2021-06-30T14:09:24Z,2021-06-30T14:09:34Z,10,4.0,4.0
script_opt_3_order_cost_100,sqlflow-v5596,2021-06-30T14:09:00Z,2021-06-30T14:09:30Z,30,36.0,36.0
script_opt_3_order_cost_100,sqlflow-m4c46,2021-06-30T14:09:30Z,2021-06-30T14:10:06Z,36,47.0,47.0
script_opt_3_order_cost_100,sqlflow-28gld,2021-06-30T14:01:48Z,2021-06-30T14:08:19Z,391,758.0,758.0
script_base_7_overlap_cost_150,sqlflow-pr55r,2021-06-30T18:48:14Z,2021-06-30T18:51:42Z,208,383.0,383.0
script_base_7_overlap_cost_150,sqlflow-jzzxw,2021-06-30T18:51:59Z,2021-06-30T18:57:53Z,354,684.0,684.0
script_base_7_overlap_cost_150,sqlflow-v68w2,2021-06-30T18:57:46Z,2021-06-30T18:58:21Z,35,42.0,42.0
script_base_7_overlap_cost_150,sqlflow-vtflg,2021-06-30T18:44:12Z,2021-06-30T18:48:21Z,249,474.0,474.0
script_base_7_overlap_cost_150,sqlflow-knblc,2021-06-30T18:44:01Z,2021-06-30T18:44:12Z,11,1.0,1.0
script_base_7_overlap_cost_150,sqlflow-wd2jm,2021-06-30T18:44:07Z,2021-06-30T18:44:17Z,10,2.0,2.0
script_base_7_overlap_cost_150,sqlflow-zqk2d,2021-06-30T18:51:35Z,2021-06-30T18:52:07Z,32,41.0,41.0
script_opt_4_order_cost_50,sqlflow-lx5pb,2021-06-30T11:38:01Z,2021-06-30T11:38:39Z,38,50.0,50.0
script_opt_4_order_cost_50,sqlflow-7nnhq,2021-06-30T11:35:20Z,2021-06-30T11:35:30Z,10,1.0,1.0
script_opt_4_order_cost_50,sqlflow-v6d62,2021-06-30T11:35:35Z,2021-06-30T11:38:07Z,152,280.0,280.0
script_opt_4_order_cost_50,sqlflow-jhmq8,2021-06-30T11:38:32Z,2021-06-30T11:38:42Z,10,6.0,6.0
script_opt_4_order_cost_50,sqlflow-qp49h,2021-06-30T11:35:29Z,2021-06-30T11:35:39Z,10,1.0,1.0
script_opt_6_overlap_cost_50,sqlflow-jhxzg,2021-06-30T22:06:25Z,2021-06-30T22:07:01Z,36,48.0,48.0
script_opt_6_overlap_cost_50,sqlflow-px4m9,2021-06-30T22:00:55Z,2021-06-30T22:01:05Z,10,1.0,1.0
script_opt_6_overlap_cost_50,sqlflow-dmbqh,2021-06-30T22:01:00Z,2021-06-30T22:03:52Z,172,322.0,322.0
script_opt_6_overlap_cost_50,sqlflow-lbl7s,2021-06-30T22:03:46Z,2021-06-30T22:06:32Z,166,308.0,308.0
script_opt_6_overlap_cost_50,sqlflow-98r4r,2021-06-30T22:00:49Z,2021-06-30T22:00:59Z,10,1.0,1.0
script_opt_10_order_cost_50,sqlflow-vk6t6,2021-06-30T21:50:43Z,2021-06-30T21:50:53Z,10,5.0,5.0
script_opt_10_order_cost_50,sqlflow-fg7pq,2021-06-30T21:50:25Z,2021-06-30T21:50:45Z,20,26.0,26.0
script_opt_10_order_cost_50,sqlflow-xqvrx,2021-06-30T21:50:13Z,2021-06-30T21:50:34Z,21,5.0,5.0
script_opt_10_order_cost_50,sqlflow-n4dv5,2021-06-30T21:51:30Z,2021-06-30T21:51:59Z,29,33.0,33.0
script_opt_10_order_cost_50,sqlflow-vwjmm,2021-06-30T21:45:22Z,2021-06-30T21:45:32Z,10,1.0,1.0
script_opt_10_order_cost_50,sqlflow-hmrdf,2021-06-30T21:52:00Z,2021-06-30T21:52:30Z,30,36.0,36.0
script_opt_10_order_cost_50,sqlflow-7ldz6,2021-06-30T21:51:10Z,2021-06-30T21:51:33Z,23,22.0,22.0
script_opt_10_order_cost_50,sqlflow-z7qzd,2021-06-30T21:50:51Z,2021-06-30T21:51:14Z,23,22.0,22.0
script_opt_10_order_cost_50,sqlflow-v2d9z,2021-06-30T21:49:46Z,2021-06-30T21:49:56Z,10,1.0,1.0
script_opt_10_order_cost_50,sqlflow-j5skc,2021-06-30T21:49:17Z,2021-06-30T21:49:54Z,37,45.0,45.0
script_opt_10_order_cost_50,sqlflow-zgf8t,2021-06-30T21:55:59Z,2021-06-30T21:56:36Z,37,51.0,51.0
script_opt_10_order_cost_50,sqlflow-gpkw5,2021-06-30T21:56:30Z,2021-06-30T21:56:40Z,10,3.0,3.0
script_opt_10_order_cost_50,sqlflow-944nr,2021-06-30T21:54:54Z,2021-06-30T21:56:06Z,72,121.0,121.0
script_opt_10_order_cost_50,sqlflow-htwr5,2021-06-30T21:49:09Z,2021-06-30T21:49:19Z,10,7.0,7.0
script_opt_10_order_cost_50,sqlflow-bsc5v,2021-06-30T21:49:50Z,2021-06-30T21:50:20Z,30,37.0,37.0
script_opt_10_order_cost_50,sqlflow-n8trz,2021-06-30T21:52:29Z,2021-06-30T21:55:00Z,151,275.0,275.0
script_opt_10_order_cost_50,sqlflow-fjljf,2021-06-30T21:45:27Z,2021-06-30T21:48:51Z,204,383.0,383.0
script_opt_10_order_cost_50,sqlflow-k8mnc,2021-06-30T21:51:52Z,2021-06-30T21:52:02Z,10,7.0,7.0
script_opt_10_order_cost_50,sqlflow-ztlwd,2021-06-30T21:51:25Z,2021-06-30T21:51:36Z,11,1.0,1.0
script_opt_10_order_cost_50,sqlflow-mmw4j,2021-06-30T21:51:07Z,2021-06-30T21:51:17Z,10,2.0,2.0
script_opt_10_order_cost_50,sqlflow-87jt9,2021-06-30T21:48:45Z,2021-06-30T21:49:16Z,31,40.0,40.0
script_opt_10_order_cost_50,sqlflow-d4gww,2021-06-30T21:52:24Z,2021-06-30T21:52:34Z,10,1.0,1.0
script_opt_10_order_cost_50,sqlflow-4n5sr,2021-06-30T21:45:14Z,2021-06-30T21:45:24Z,10,5.0,5.0
script_base_5_overlap_cost_100,sqlflow-btprk,2021-06-30T12:58:44Z,2021-06-30T12:59:19Z,35,48.0,48.0
script_base_5_overlap_cost_100,sqlflow-72q44,2021-06-30T12:54:47Z,2021-06-30T12:56:08Z,81,139.0,139.0
script_base_5_overlap_cost_100,sqlflow-f77hs,2021-06-30T12:56:01Z,2021-06-30T12:58:51Z,170,310.0,310.0
script_base_5_overlap_cost_100,sqlflow-dgwqh,2021-06-30T12:51:38Z,2021-06-30T12:54:52Z,194,363.0,363.0
script_base_5_overlap_cost_100,sqlflow-q5hqk,2021-06-30T12:48:43Z,2021-06-30T12:51:45Z,182,339.0,339.0
script_base_5_overlap_cost_100,sqlflow-mx8hz,2021-06-30T12:48:29Z,2021-06-30T12:48:39Z,10,1.0,1.0
script_base_5_overlap_cost_100,sqlflow-nwxvn,2021-06-30T12:48:35Z,2021-06-30T12:48:45Z,10,2.0,2.0
script_opt_4_order_cost_100,sqlflow-wc98m,2021-06-30T14:23:34Z,2021-06-30T14:24:21Z,47,70.0,70.0
script_opt_4_order_cost_100,sqlflow-szhvk,2021-06-30T14:25:09Z,2021-06-30T14:31:06Z,357,694.0,694.0
script_opt_4_order_cost_100,sqlflow-nh42j,2021-06-30T14:31:01Z,2021-06-30T14:32:20Z,79,131.0,131.0
script_opt_4_order_cost_100,sqlflow-8x5ts,2021-06-30T14:24:31Z,2021-06-30T14:25:08Z,37,50.0,50.0
script_opt_4_order_cost_100,sqlflow-z2d2n,2021-06-30T14:20:51Z,2021-06-30T14:21:01Z,10,2.0,2.0
script_opt_4_order_cost_100,sqlflow-hxdqf,2021-06-30T14:24:15Z,2021-06-30T14:24:38Z,23,11.0,11.0
script_opt_4_order_cost_100,sqlflow-zzfb2,2021-06-30T14:25:01Z,2021-06-30T14:25:11Z,10,7.0,7.0
script_opt_4_order_cost_100,sqlflow-whsfz,2021-06-30T14:20:56Z,2021-06-30T14:23:41Z,165,306.0,306.0
script_opt_4_order_cost_100,sqlflow-zqghc,2021-06-30T14:20:47Z,2021-06-30T14:20:57Z,10,1.0,1.0
script_opt_0_order_cost_50,sqlflow-h4h8k,2021-06-30T10:47:48Z,2021-06-30T10:51:07Z,199,370.0,370.0
script_opt_0_order_cost_50,sqlflow-5px4g,2021-06-30T10:54:49Z,2021-06-30T10:54:59Z,10,1.0,1.0
script_opt_0_order_cost_50,sqlflow-9hf7z,2021-06-30T10:53:59Z,2021-06-30T10:54:19Z,20,33.0,33.0
script_opt_0_order_cost_50,sqlflow-xkm6f,2021-06-30T10:54:20Z,2021-06-30T10:54:30Z,10,4.0,4.0
script_opt_0_order_cost_50,sqlflow-6xsd4,2021-06-30T10:47:34Z,2021-06-30T10:47:44Z,10,1.0,1.0
script_opt_0_order_cost_50,sqlflow-5hbxn,2021-06-30T10:51:00Z,2021-06-30T10:53:43Z,163,302.0,302.0
script_opt_0_order_cost_50,sqlflow-8dvj5,2021-06-30T10:47:39Z,2021-06-30T10:47:49Z,10,5.0,5.0
script_opt_0_order_cost_50,sqlflow-b56xc,2021-06-30T10:53:35Z,2021-06-30T10:54:07Z,32,42.0,42.0
script_opt_0_order_cost_50,sqlflow-kzvpn,2021-06-30T10:54:26Z,2021-06-30T10:54:56Z,30,34.0,34.0
script_opt_10_overlap_cost_100,sqlflow-shqvt,2021-06-30T20:12:32Z,2021-06-30T20:12:42Z,10,2.0,2.0
script_opt_10_overlap_cost_100,sqlflow-tc6j5,2021-06-30T20:12:39Z,2021-06-30T20:16:50Z,251,477.0,477.0
script_opt_10_overlap_cost_100,sqlflow-rt2p8,2021-06-30T20:19:37Z,2021-06-30T20:20:16Z,39,55.0,55.0
script_opt_10_overlap_cost_100,sqlflow-wjnjg,2021-06-30T20:12:28Z,2021-06-30T20:12:38Z,10,2.0,2.0
script_opt_10_overlap_cost_100,sqlflow-f5blb,2021-06-30T20:16:48Z,2021-06-30T20:19:44Z,176,324.0,324.0
script_opt_10_overlap_cost_100,sqlflow-4mhtq,2021-06-30T20:20:11Z,2021-06-30T20:22:38Z,147,269.0,269.0
script_opt_10_overlap_cost_100,sqlflow-rbp8c,2021-06-30T20:22:32Z,2021-06-30T20:23:07Z,35,49.0,49.0
script_base_6_overlap_cost_50,sqlflow-svk4k,2021-06-30T21:39:00Z,2021-06-30T21:39:10Z,10,3.0,3.0
script_base_6_overlap_cost_50,sqlflow-krmq4,2021-06-30T21:41:52Z,2021-06-30T21:44:40Z,168,306.0,306.0
script_base_6_overlap_cost_50,sqlflow-wp265,2021-06-30T21:39:06Z,2021-06-30T21:41:58Z,172,320.0,320.0
script_base_6_overlap_cost_50,sqlflow-zwr4r,2021-06-30T21:38:50Z,2021-06-30T21:39:00Z,10,5.0,5.0
script_base_6_overlap_cost_50,sqlflow-88hfb,2021-06-30T21:44:33Z,2021-06-30T21:45:07Z,34,47.0,47.0
script_opt_1_overlap_cost_150,sqlflow-7vzkj,2021-06-30T17:03:35Z,2021-06-30T17:09:04Z,329,634.0,634.0
script_opt_1_overlap_cost_150,sqlflow-9cb55,2021-06-30T16:57:55Z,2021-06-30T16:58:05Z,10,1.0,1.0
script_opt_1_overlap_cost_150,sqlflow-kcg6q,2021-06-30T17:08:56Z,2021-06-30T17:09:31Z,35,41.0,41.0
script_opt_1_overlap_cost_150,sqlflow-zchsc,2021-06-30T16:58:01Z,2021-06-30T17:03:42Z,341,658.0,658.0
script_opt_1_overlap_cost_150,sqlflow-6nnbz,2021-06-30T16:57:50Z,2021-06-30T16:58:00Z,10,1.0,1.0
